title,raw_content,url
"Par valstij piederošā nekustamā īpašuma ""V559 Dricāni–Dricānu skola"" Dricānu pagastā, Rēzeknes novadā, nodošanu Rēzeknes novada pašvaldības īpašumā","Saskaņā ar Publiskas personas mantas atsavināšanas likuma 42. panta pirmo daļu un 43. pantu un likuma ""Par autoceļiem"" 4. panta pirmo daļu atļaut Satiksmes ministrijai nodot bez atlīdzības Rēzeknes novada pašvaldības īpašumā valstij piederošo nekustamo īpašumu ""V559 Dricāni–Dricānu skola"" (nekustamā īpašuma kadastra Nr. 7850 005 0426) – zemes vienību (zemes vienības kadastra apzīmējums 7850 005 0426) 0,3 ha platībā un uz tās izbūvēto komplekso inženierbūvi ""Autoceļš V559 km 0,000–0,220"" (būves kadastra apzīmējums 7850 005 0426 001) – Dricānu pagastā, Rēzeknes novadā (turpmāk – nekustamais īpašums), lai saskaņā ar Pašvaldību likuma 4. panta pirmo daļu to izmantotu pašvaldības autonomo funkciju īstenošanai.",https://likumi.lv/ta/id/368136-par-valstij-piederosa-nekustama-ipasuma-v559-dricanidricanu-skola-dricanu-pagasta-rezeknes-novada-nodosanu-rezeknes-novada-pasvaldibas-ipasuma?&search=on
Par apropriācijas palielināšanu,"Pamatojoties uz likuma ""Par valsts budžetu 2026. gadam un budžeta ietvaru 2026., 2027. un 2028. gadam"" 61. un 62. pantu, atbalstīt apropriācijas palielināšanu Ekonomikas ministrijai resursiem no dotācijas no vispārējiem ieņēmumiem un izdevumiem valsts budžeta programmā 28.00.00 ""Ekonomiskās izaugsmes politikas ieviešana"" 2026. gadā 2 669 744 euro apmērā un 2027. gadā 911 669 euro apmērā, kā arī atļaut Ekonomikas ministrijai uzņemties papildu valsts budžeta ilgtermiņa saistības minētajā apmērā, lai nodrošinātu valsts budžeta līdzfinansējumu dižpasākumu organizēšanai un ārvalstu filmu uzņemšanai Latvijā.",https://likumi.lv/ta/id/368207-par-apropriacijas-palielinasanu?&search=on
"Par valsts nekustamā īpašuma Amālijas ielā 5, Rīgā, nodošanu privatizācijai","Saskaņā ar likuma ""Par valsts un pašvaldību dzīvojamo māju privatizāciju"" 7. panta otro daļu, 74. panta trešo daļu un pārejas noteikumu 30.1 punkta 3. apakšpunktu nodot privatizācijai valsts nekustamo īpašumu (nekustamā īpašuma kadastra Nr. 0100 058 0079) – dzīvojamo māju (būves kadastra apzīmējums 0100 058 0079 001) kopā ar funkcionāli saistītajām būvēm (būvju kadastra apzīmējumi 0100 058 0079 002 un 0100 058 007 9003) un funkcionāli nepieciešamo zemes vienību (zemes vienības kadastra apzīmējums 0100 058 0079) 0,0431 ha platībā – Amālijas ielā 5, Rīgā, kas ierakstīts zemesgrāmatā uz Latvijas valsts vārda sabiedrības ar ierobežotu atbildību ""Publisko aktīvu pārvaldītājs Possessor"" personā.",https://likumi.lv/ta/id/368101-par-valsts-nekustama-ipasuma-amalijas-iela-5-riga-nodosanu-privatizacijai?&search=on
Par pasākumiem Āfrikas cūku mēra apkarošanā,"Sakarā ar to, ka 2026. gada 27. aprīlī Eiropas Savienības Oficiālajā Vēstnesī tika publicēta 2026. gada 24. aprīļa Komisijas Īstenošanas regula (ES) 2026/985, ar kuru groza I pielikumu 2023. gada 16. marta Komisijas Īstenošanas regulai (ES) 2023/594, ar ko nosaka īpašus slimības kontroles pasākumus attiecībā uz Āfrikas cūku mēri, un, pamatojoties uz Veterinārmedicīnas likuma 30.1 panta pirmo un otro daļu un 2024. gada 18. jūnija Ministru kabineta noteikumu Nr. 381 ""Āfrikas cūku mēra likvidēšanas un draudu novēršanas kārtība"" 12.3. apakšpunktu, nosaku:

1. Āfrikas cūku mēra riska zonas Latvijas Republikā (pielikumā).

2. Publicēt šo rīkojumu oficiālajā izdevumā ""Latvijas Vēstnesis"".

3. Rīkojums stājas spēkā nākamajā darba dienā pēc tā publicēšanas oficiālajā izdevumā ""Latvijas Vēstnesis"".

4. Kontroli par rīkojuma izpildi paturu sev.",http://likumi.lv/ta/id/367996-par-pasakumiem-afrikas-cuku-mera-apkarosana?&search=on
"Par finanšu līdzekļu piešķiršanu no valsts budžeta programmas ""Līdzekļi neparedzētiem gadījumiem""","Piešķirt Finanšu ministrijai (Valsts ieņēmumu dienestam) no valsts budžeta programmas 02.00.00 ""Līdzekļi neparedzētiem gadījumiem"" finansējumu, kas nepārsniedz 1 438 785 euro, lai atbilstoši tiesas nolēmumiem nodrošinātu atbalsta Covid-19 krīzes skarto uzņēmumu apgrozāmo līdzekļu plūsmas nodrošināšanai, Covid-19 dīkstāves atbalsta un algu subsīdijas izmaksāšanu nodokļu maksātājiem.

2. Pieprasījumu par šā rīkojuma 1. punktā  minēto līdzekļu piešķiršanu iesniegt atbilstoši faktiski nepieciešamajam finansējuma apmēram.",https://likumi.lv/ta/id/367876-par-finansu-lidzeklu-pieskirsanu-no-valsts-budzeta-programmas-lidzekli-neparedzetiem-gadijumiem?&search=on
Par XXVIII Vispārējo latviešu dziesmu un XVIII Deju svētku norises laiku,"Saskaņā ar Dziesmu un deju svētku likuma 7. panta pirmās daļas 1. punktu noteikt, ka XXVIII Vispārējie latviešu dziesmu un XVIII Deju svētki tiek rīkoti no 2028. gada 30. jūnija līdz 9. jūlijam Rīgā.",https://likumi.lv/ta/id/367734-par-xxviii-visparejo-latviesu-dziesmu-un-xviii-deju-svetku-norises-laiku?&search=on
Par Kurzemes plānošanas reģiona tiesībām lietot latviešu vēsturiskās zemes Kurzemes ģerboni,"Pamatojoties uz Latviešu vēsturisko zemju ģerboņu likuma 7. pantu un ņemot vērā Valsts Heraldikas komisijas 2026. gada 29. janvāra atzinumu, atļauju Kurzemes plānošanas reģionam lietot Latviešu vēsturisko zemju ģerboņu likuma 4. pantā noteikto Kurzemes ģerboni Kurzemes plānošanas reģiona vizuālajā identitātē.",https://likumi.lv/ta/id/367341-par-kurzemes-planosanas-regiona-tiesibam-lietot-latviesu-vesturiskas-zemes-kurzemes-gerboni?&search=on
Par Sirds un asinsvadu veselības uzlabošanas rīcības plānu 2026.–2027. gadam,"1. Apstiprināt Sirds un asinsvadu veselības uzlabošanas rīcības plānu 2026.–2027. gadam (turpmāk – plāns).

2. Veselības ministrijai nodrošināt plāna ieviešanas vadību un koordināciju.

3. Plānā paredzēto pasākumu īstenošanu iesaistītajām institūcijām 2026. gadā nodrošināt atbilstoši piešķirtajiem valsts budžeta līdzekļiem. 

4. Lai ievērotu Fiskālās disciplīnas likuma 9. pantā noteikto un nodrošinātu Veselības ministrijas indikatīvi aprēķināto papildu nepieciešamo finansējumu 2027. gadā 42 230 607 euro apmērā un turpmāk ik gadu 47 229 137 euro apmērā, Veselības ministrijai sadarbībā ar Finanšu ministriju izdevumu pārskatīšanas procesā sagatavot priekšlikumus par kompensējošiem pasākumiem, kuros paredzēt horizontālu publiskā sektora izdevumu samazinājumu, funkciju pārskatīšanu un procesu efektivizēšanu, vienlaikus izvērtējot kopējo ekonomisko situāciju valstī un iespējas pārtraukt kādu zemākas prioritātes pasākumu.",https://likumi.lv/ta/id/367136-par-sirds-un-asinsvadu-veselibas-uzlabosanas-ricibas-planu-20262027-gadam?&search=on
Par Latvijas Sesto nacionālo atvērtās pārvaldības rīcības plānu 2026.–2027. gadam,"1. Apstiprināt Latvijas Sesto nacionālo atvērtās pārvaldības rīcības plānu 2026.–2027. gadam (turpmāk – plāns).

2. Noteikt Valsts kanceleju par atbildīgo institūciju plāna īstenošanā.

3. Plānā norādītajām atbildīgajām institūcijām sadarbībā ar līdzatbildīgajām institūcijām un citiem plāna īstenotājiem (turpmāk – plāna īstenošanā iesaistītās institūcijas) nodrošināt plānā paredzēto pasākumu īstenošanu.

4. Plāna īstenošanā iesaistītajām institūcijām paredzēto pasākumu izpildi 2026. un 2027. gadā nodrošināt tām piešķirto valsts budžeta līdzekļu ietvaros. ",https://likumi.lv/ta/id/367024-par-latvijas-sesto-nacionalo-atvertas-parvaldibas-ricibas-planu-20262027-gadam?&search=on
"Par nekustamā īpašuma ""Avotiņi"" Skultes pagastā, Limbažu novadā, daļas pirkšanu projekta ""Eiropas standarta platuma 1435 mm dzelzceļa līnijas izbūve ""Rail Baltica"" koridorā caur Igauniju, Latviju un Lietuvu"" īstenošanai","1. Saskaņā ar Sabiedrības vajadzībām nepieciešamā nekustamā īpašuma atsavināšanas likuma 9. panta pirmo daļu atļaut Satiksmes ministrijai pirkt nekustamā īpašuma ""Avotiņi"" (nekustamā īpašuma kadastra Nr. 6676 015 0283) sastāvā esošās zemes vienības (zemes vienības kadastra apzīmējums 6676 015 0283) daļu 5,3865 ha platībā (pēc kadastrālās uzmērīšanas platība var tikt precizēta) Skultes pagastā, Limbažu novadā, kas nepieciešama projekta ""Eiropas standarta platuma 1435 mm dzelzceļa līnijas izbūve ""Rail Baltica"" koridorā caur Igauniju, Latviju un Lietuvu"" īstenošanai.

2. Satiksmes ministrijai:

2.1. normatīvajos aktos noteiktajā kārtībā īpašuma tiesības uz šā rīkojuma 1. punktā minēto nekustamā īpašuma daļu nostiprināt zemesgrāmatā uz valsts vārda Satiksmes ministrijas personā;

2.2. izdevumus, kas saistīti ar šā rīkojuma 1. punktā minētā nekustamā īpašuma daļas pirkšanu un īpašuma tiesību nostiprināšanu zemesgrāmatā, segt no līdzekļiem, kas paredzēti akciju sabiedrības ""RB Rail"" un Eiropas Klimata, infrastruktūras un vides izpildaģentūras 2024. gada 18. oktobrī noslēgtajā līgumā par līdzfinansējumu triju Baltijas valstu ātrgaitas dzelzceļa līnijas Rail Baltica projekta attīstībai.",https://likumi.lv/ta/id/367016-par-nekustama-ipasuma-avotiniskultes-pagasta-limbazu-novada-dalas-pirksanu-projekta-eiropas-standarta-platuma-1435-mm-dzelzcela-linijas-izbuve-rail-balticakoridora-caur-igauniju-latviju-un-lietuvuistenosanai?&search=on
"Smalko daļiņu, amonjaka, slāpekļa oksīdu, gaistošo organisko savienojumu un sēra dioksīda emisiju samazināšanas plāns 2026.‒2030. gadam","1. Apstiprināt Smalko daļiņu, amonjaka, slāpekļa oksīdu, gaistošo organisko savienojumu un sēra dioksīda emisiju samazināšanas plānu 2026.–2030. gadam (turpmāk – plāns).

2. Klimata un enerģētikas ministrijai, Zemkopības ministrijai, Satiksmes ministrijai, Viedās administrācijas un reģionālās attīstības ministrijai, Tieslietu ministrijai, Finanšu ministrijai un Ekonomikas ministrijai sadarbībā ar līdzatbildīgajām institūcijām un citiem pasākumu īstenotājiem nodrošināt plānā ietverto pasākumu ieviešanu noteiktajos termiņos atbilstoši atbildības jomām.

3. Klimata un enerģētikas ministrijai sadarbībā ar pārējām atbildīgajām institūcijām plānā iekļauto pasākumu izpildi izvērtēt vienlaikus ar plāna pārskatīšanu atbilstoši normatīvajiem aktiem par kopējo gaisu piesārņojošo vielu emisiju samazināšanu un uzskaiti un iekļaut izvērtējuma rezultātus aktualizētajā plānā.

4. Šā rīkojuma 2. punktā minētajām plāna īstenošanā iesaistītajām institūcijām plānā paredzētos pasākumus īstenot tām pieejamo valsts budžeta līdzekļu ietvaros un Eiropas Savienības fondu vai pārējās ārvalstu finanšu palīdzības programmu finansējuma ietvaros.

5. Atzīt par spēku zaudējušu Ministru kabineta 2020. gada 16. aprīļa rīkojumu Nr. 197 ""Par Gaisa piesārņojuma samazināšanas rīcības plānu 2020.–2030. gadam"" (Latvijas Vēstnesis, 2020, 77. nr.).",https://likumi.lv/ta/id/366105-smalko-dalinu-amonjaka-slapekla-oksidu-gaistoso-organisko-savienojumu-un-sera-dioksida-emisiju-samazinasanas-plans-20262030gadam?&search=on
Par vēlēšanu aploksnes parauga apstiprināšanu,"Pamatojoties uz likuma ""Par Centrālo vēlēšanu komisiju"" 6. panta 3. punktu, Centrālā vēlēšanu komisija nolemj:

1. Apstiprināt vēlēšanu aploksnes paraugu (pielikumā) 2026. gada Saeimas vēlēšanām (turpmāk - vēlēšanu aploksne).

2. Noteikt šādu vēlēšanu aploksnes aprakstu:

2.1. izmērs: 129 mm (platums) x 162 mm (augstums);

2.2. papīrs: 70 g/m2;

2.2. krāsa: aploksnes priekšpuses apdruka sarkanā krāsā (PANTONE 201C, CMYK: 25/100/77/20, RGB140/8/12 - #8C080C), abās pusēs apakšmala (15mm josla) 20% sarkanā krāsas (PANTONE 201C, CMYK: 25/100/77/20, RGB140/8/12 - #8C080C) rastrā, aploksnes iekšpuses apdruka melna ar pārklājumu, kas nodrošina aploksnes satura konfidencialitāti.",https://likumi.lv/ta/id/367544-par-velesanu-aploksnes-parauga-apstiprinasanu?&search=on
Par finansējumu Rīgas konferences 2026 rīkošanai,"1. Atbalstīt līdzfinansējuma piešķiršanu biedrībai ""Latvijas Transatlantiskā organizācija"" 75 700 euro apmērā no Ārlietu ministrijas budžeta programmas 97.00.00 ""Nozaru vadība un politikas plānošana"" un 75 700 euro apmērā no Aizsardzības ministrijas budžeta programmas 30.00.00 ""Valsts aizsardzības politikas realizācija"" Rīgas konferences 2026 rīkošanai.

2. Ārlietu ministrijai un Aizsardzības ministrijai slēgt iepirkuma līgumus ar biedrību ""Latvijas Transatlantiskā organizācija"" par Rīgas konferences 2026 organizēšanu un, pamatojoties uz Publisko iepirkumu likuma 5. panta 14. punktu, atļaut nepiemērot likumā noteiktās iepirkuma procedūras, jo Rīgas konference kā būtisks pilsoniskās apziņas stiprināšanas pasākums sniedz ieguldījumu valsts drošības interešu aizsardzībā.

3. Līgumā noteikt šā rīkojuma 1. punktā norādīto finanšu līdzekļu izmantošanas mērķi un paredzēt to izlietojuma kontroli atbilstoši mērķim, kā arī noteikt, ka par grāmatvedības datu pareizību un finanšu līdzekļu izlietojumu atbilstoši noteiktajam mērķim ir atbildīga biedrība ""Latvijas Transatlantiskā organizācija"".",https://likumi.lv/ta/id/367590-par-finansejumu-rigas-konferences-2026-rikosanai?&search=on
Par katrā vēlēšanu apgabalā ievēlējamo deputātu skaitu 2026. gada Saeimas vēlēšanās,"Pamatojoties uz Saeimas vēlēšanu likuma 8. panta pirmo un otro daļu un Pilsonības un migrācijas lietu pārvaldes Personu datu apstrādes departamenta ziņām par balsstiesīgo skaitu pēc Fizisko personu reģistra datiem 2026. gada 2. maijā,

Centrālā vēlēšanu komisija nolemj:

noteikt šādu katrā vēlēšanu apgabalā ievēlējamo deputātu skaitu 2026. gada Saeimas vēlēšanās:

Vēlēšanu apgabals

Balsstiesīgo skaits

Ievēlējamo deputātu skaits

Rīga

595665

38

Vidzeme

399479

26

Latgale

184382

12

Kurzeme

174492

11

Zemgale

199565

13

KOPĀ

1553583

100",https://likumi.lv/ta/id/368239-par-katra-velesanu-apgabala-ievelejamo-deputatu-skaitu-2026-gada-saeimas-velesanas?&search=on
Par brīvprātīgo pieteikšanos valsts aizsardzības dienesta 2026. gada jūlija iesaukumam,"PAVĒLU:

1. Noteikt papildu brīvprātīgās pieteikšanās termiņu VAD 2026. gada jūlija iesaukuma 11 mēnešu dienestam Nacionālo bruņoto spēku vienībā un piecu gadu dienestam Latvijas Republikas Zemessardzē, sākot no 2026. gada 13. marta līdz 2026. gada 13. aprīlim.

2. Aizsardzības ministrijas Administratīvā un dokumentu pārvaldības departamenta Dokumentu un arhīva pārvaldības nodaļai pavēli nosūtīt publicēšanai oficiālajā izdevumā ""Latvijas Vēstnesis"", kā arī ar pavēli iepazīstināt Nacionālo bruņoto spēku komandieri un Aizsardzības ministrijas valsts sekretāru, valsts sekretāra vietnieku - Juridiskā departamenta direktoru.",https://likumi.lv/ta/id/367057-par-brivpratigo-pieteiksanos-valsts-aizsardzibas-dienesta-2026-gada-julija-iesaukumam?&search=on
"Kārtība, kādā zvejas licences turētājiem un zvejas kuģu kapteiņiem piemēro Eiropas Savienības tiesību aktos par kopējās zivsaimniecības politiku noteikto soda punktu sistēmu","Ja zvejas kuģa kapteinim atbilstoši regulas Nr. 1224/2009 92. panta 6. punktam ir liegts vadīt zvejas kuģi, Valsts vides dienests informē zvejas kuģa kapteini un zvejas licences turētāju, kura labā darbojas zvejas kuģa kapteinis, par personai noteikto liegumu strādāt par kapteini uz Latvijas zvejas kuģa.

13. Valsts vides dienests tos zvejas kuģus, kuru zvejas licences turētājiem vai zvejas kuģu kapteiņiem saistībā ar konkrēto zvejas kuģi sakrāts vismaz 12 soda punktu vai uz kuriem tiek nodarbināts kapteinis ar šādu uzkrāto soda punktu skaitu, iekļauj augstākas riska pakāpes zvejas kuģu sarakstā un tos kontrolē atbilstoši riska novērtējuma principiem saskaņā ar regulas Nr. 1224/2009 95. pantu. Šādus zvejas kuģus, ja to zvejas mērķsugas krājumiem saskaņā ar tieši piemērojamiem Eiropas Savienības tiesību aktiem zivsaimniecības jomā ir izstrādātas īpašas kontroles un inspekcijas programmas, iekļauj konkrētās zivju sugas kontroles programmu riska analīzes sadaļā.",https://likumi.lv/ta/id/368030-kartiba-kada-zvejas-licences-turetajiem-un-zvejas-kugu-kapteiniem-piemero-eiropas-savienibas-tiesibu-aktos-par-kopejas-zivsaimniecibas-politiku-noteikto-soda-punktu-sistemu?&search=on
Par finansējuma piešķiršanu Rīgas Tehniskajai universitātei Dronu samita organizēšanai,"1. Lai nodrošinātu ar zinātnes attīstību un inovācijām aizsardzības nozarē saistītu pasākumu norisi no 2026. gada 22. maija līdz 5. jūnijam, piešķirt Rīgas Tehniskajai universitātei finansējumu 300 000 euro apmērā no Aizsardzības ministrijas budžeta apakšprogrammas 22.12.00 ""Nacionālo bruņoto spēku uzturēšana"".

2. Valsts aizsardzības loģistikas un iepirkumu centram noslēgt līgumu ar Rīgas Tehnisko universitāti par finanšu līdzekļu piešķiršanu šā rīkojuma 1. punktā minētā uzdevuma izpildei. Līguma nosacījumos paredzēt piešķirto finanšu līdzekļu izlietojuma uzraudzības kārtību, kā arī noteikt, ka par grāmatvedības datu pareizību un finanšu līdzekļu izlietojumu atbilstoši noteiktajam mērķim ir atbildīga Rīgas Tehniskā universitāte.",https://likumi.lv/ta/id/367278-par-finansejuma-pieskirsanu-rigas-tehniskajai-universitatei-dronu-samita-organizesanai?&search=on
Par Latvijas Sesto nacionālo atvērtās pārvaldības rīcības plānu 2026.–2027. gadam,"1. Apstiprināt Latvijas Sesto nacionālo atvērtās pārvaldības rīcības plānu 2026.–2027. gadam (turpmāk – plāns).

2. Noteikt Valsts kanceleju par atbildīgo institūciju plāna īstenošanā.

3. Plānā norādītajām atbildīgajām institūcijām sadarbībā ar līdzatbildīgajām institūcijām un citiem plāna īstenotājiem (turpmāk – plāna īstenošanā iesaistītās institūcijas) nodrošināt plānā paredzēto pasākumu īstenošanu.

4. Plāna īstenošanā iesaistītajām institūcijām paredzēto pasākumu izpildi 2026. un 2027. gadā nodrošināt tām piešķirto valsts budžeta līdzekļu ietvaros.",https://likumi.lv/ta/id/367024-par-latvijas-sesto-nacionalo-atvertas-parvaldibas-ricibas-planu-20262027-gadam?&search=on
Par termina surdotulks aizstāšanu ar terminu zīmju valodas tulks,"Pēc Latvijas Nedzirdīgo savienības pārstāvju lūguma LZA Terminoloģijas komisija 2025. gada 17. decembra ārkārtas sēdē ir apspriedusi termina surdotulks aizstāšanu ar terminu zīmju valodas tulks.

Izvērtējusi iesniegumā minētos argumentus un iepazinusies ar Labklājības ministrijas un Valsts valodas centra viedokli, LZA Terminoloģijas komisija secina, ka praksē profesijas nosaukums surdotulks vairs netiek plaši izmantots, turklāt tas nav uzskatāms par korektu arī no medicīniskā viedokļa. Tāpat jāņem vērā, ka arī starptautiskā mērogā tiek lietots termins sign language interpreter, kura atbilsme latviešu valodā būtu ieteiktais termins zīmju valodas tulks.

Ievērojot iepriekšminēto LZA Terminoloģijas komisija atbalsta ierosinājumu mainīt šīs profesijas nosaukumu, lai pēc tam tiktu veiktas izmaiņas ne vien normatīvajos aktos, kur minēta profesija surdotulks, bet arī profesiju klasifikatorā.",https://likumi.lv/ta/id/365901-par-termina-surdotulks-aizstasanu-ar-terminu-zimju-valodas-tulks-?&search=on
"Par valsts pētījumu programmu ""Mākslīgā intelekta balstīts risinājums strukturētu dokumentu aizpildei no neviendabīgiem datu avotiem"" 2026.–2028. gadam",". Programmas kopējais finansējums ir 165 000 euro, īstenošanas laiks – 2026.–2028. gads. Programmu finansē no Finanšu ministrijas budžeta programmas 97.00.00 ""Nozaru vadība un politikas plānošana"" līdzekļiem.

4. Programmas virsmērķis ir veicināt valsts pārvaldes un auditēšanas procesu digitalizāciju, izmantojot mākslīgā intelekta risinājumus, lai nodrošinātu ātru, kvalitatīvu un standartizētu informācijas apstrādi un strukturētu dokumentu sagatavošanu.

5. Programmas mērķis ir izstrādāt inovatīvu mākslīgā intelekta risinājumu, kas automātiski aizpilda strukturētus dokumentus (piem., pārbaudes lapas, atskaites, datu ievades veidlapas) no dažādiem datu avotiem (piem., teksta dokumenti (DOCX), strukturēti lauki (XLSX/CSV), PDF datnes (teksta PDF un skenēts PDF), e-pasti (EML/MSG) (ar pielikumiem), tīmekļvietnes (HTML)), ievērojot dokumentu strukturālās un noformēšanas, kā arī datu kvalitātes prasības.",https://likumi.lv/ta/id/365469-par-valsts-petijumu-programmu-maksliga-intelekta-balstits-risinajums-strukturetu-dokumentu-aizpildei-no-neviendabigiem-datu-avotiem20262028-gadam?&search=on
Par laika ierobežojumu uguņošanas ierīču un skatuves pirotehnisko izstrādājumu izmantošanai Rīgas valstspilsētas pašvaldības administratīvajā teritorijā,"1. Saistošie noteikumi nosaka ierobežojumus uguņošanas ierīču un skatuves pirotehnisko izstrādājumu izmantošanai Rīgas valstspilsētas pašvaldības administratīvajā teritorijā.

2. Uguņošanas ierīču un skatuves pirotehnisko izstrādājumu izmantošana Rīgas valstspilsētas pašvaldības administratīvajā teritorijā ārpus telpām ir aizliegta:

2.1. no 1. jūnija līdz 31. augustam – no plkst. 23.00 līdz plkst. 7.00;

2.2. no 1. septembra līdz 31. maijam – no plkst. 22.00 līdz plkst. 7.00.

3. Saistošo noteikumu 2. punktā minētie ierobežojumi neattiecas uz uguņošanas ierīču un skatuves pirotehnisko izstrādājumu izmantošanu:

3.1. publiskajos pasākumos, kas ir saskaņoti ar Rīgas valstspilsētas pašvaldību;

3.2. Jaungada dienā – no plkst. 0.00 līdz plkst. 1.00.",https://likumi.lv/ta/id/365386-par-laika-ierobezojumu-ugunosanas-iericu-un-skatuves-pirotehnisko-izstradajumu-izmantosanai-rigas-valstspilsetas-pasvaldibas-administrativaja-teritorija?&search=on
"Par valsts akciju sabiedrības ""Latvijas Loto"" kopējo personāla izmaksu palielinājumu 2025. gadā","Pamatojoties uz likuma ""Par valsts budžetu 2025. gadam un budžeta ietvaru 2025., 2026. un 2027. gadam"" 82. pantu, atļaut valsts akciju sabiedrībai ""Latvijas Loto"" 2025. gadā palielināt kopējās personāla izmaksas par pieciem procentiem salīdzinājumā ar iepriekšējo pārskata gadu",https://likumi.lv/ta/id/364882-par-valsts-akciju-sabiedribas-latvijas-loto-kopejo-personala-izmaksu-palielinajumu-2025-gada?&search=on
"Par pašvaldības nodevu būvatļaujas izdošanai vai būvniecības ieceres akceptam, izdarot atzīmi paskaidrojuma rakstā","II. Nodevas aprēķināšanas kārtība
3. Nodevas par būvatļaujas izdošanu un būvniecības ieceres akceptu, izdarot atzīmi paskaidrojuma rakstā, apmērs nosakāms pēc šādas formulas:

nodeva = A x B x C, kur

A – likme, kura atkarīga no plānotā būvobjekta kopējās platības (pielikuma 1. tabula);

B – koeficients, kas piemērojams atkarībā no plānotās ēkas vai būves tipa (pielikuma 2. tabula);

C – koeficients, kas piemērojams atkarībā no objekta būvniecības veida: jaunbūve, novietošana, būves pārbūve, atjaunošana vai restaurācija (pielikuma 3. tabula).

4. Nodevas apmērs par transporta infrastruktūras objektiem nosakāms pēc šādas formulas:

nodeva = m x 0,28 x C, kur

m – metru skaits;

C – koeficients, kas piemērojams atkarībā no objekta būvniecības veida (pielikuma 3. tabula).",https://likumi.lv/ta/id/365524-par-pasvaldibas-nodevu-buvatlaujas-izdosanai-vai-buvniecibas-ieceres-akceptam-izdarot-atzimi-paskaidrojuma-raksta?&search=on
Noteikumi par pēctirdzniecības informācijas publicēšanas atlikšanu darījumiem ar Latvijas Republikas emitētajiem parāda vērtspapīriem,"1. Noteikumi nosaka kārtību, kādā atbilstoši Eiropas Parlamenta un Padomes 2014. gada 15. maija regulas Nr. 600/2014 par finanšu instrumentu tirgiem un ar ko groza regulu (ES) Nr. 648/2012 11. panta 3. punkta pirmās daļas ""a"" apakšpunktam un 21. panta 4. punktam var piemērot pēctirdzniecības informācijas publicēšanas atlikšanu darījumiem ar Latvijas Republikas emitētajiem parāda vērtspapīriem.

2. Informācijas publicēšanu par atsevišķa darījuma apjomu ar Latvijas Republikas emitētajiem parāda vērtspapīriem, kuri atbilst Komisijas 2016. gada 14. jūlija deleģētās regulas (ES) 2017/583, ar ko Eiropas Parlamenta un Padomes regulu (ES) Nr. 600/2014 par finanšu instrumentu tirgiem papildina attiecībā uz regulatīvajiem tehniskajiem standartiem par pārredzamības prasībām tirdzniecības vietām un ieguldījumu brokeru sabiedrībām attiecībā uz obligācijām, strukturētā finansējuma produktiem, emisijas kvotām un atvasinātajiem instrumentiem, III pielikuma 2.2. tabulas 1. grupai (G1) un 2.6. tabulas 1. kategorijai, var atlikt līdz attiecīgās tirdzniecības dienas beigām.",https://likumi.lv/ta/id/367991-noteikumi-par-pectirdzniecibas-informacijas-publicesanas-atliksanu-darijumiem-ar-latvijas-republikas-emitetajiem-parada-vertspapiriem
Grozījumi Satversmes tiesas reglamentā,"nolēma:

izdarīt Satversmes tiesas reglamentā (Latvijas Vēstnesis, 2014, Nr. 31) šādus grozījumus:

1. Izteikt 146. punktu šādā redakcijā:

""146. Tiesas sēdē ar lietas dalībnieku piedalīšanos pieņemto spriedumu tiesas sēdes priekšsēdētājs vai cits viņa norīkots tiesnesis pasludina, izklāstot būtiskākos lietas apstākļus un sprieduma secinājumus un nolasot sprieduma nolēmumu daļu.""

2. Izteikt 148. punktu šādā redakcijā:

""148. Pirms sprieduma nolēmumu daļas nolasīšanas tiesas sēdes sekretārs uzaicina klātesošos piecelties.""

Grozījumi stājas spēkā nākamajā dienā pēc to publicēšanas.",https://likumi.lv/ta/id/364272-grozijumi-satversmes-tiesas-reglamenta
Grozījumi Ceļu satiksmes likumā,"""68.2 pants. Koplietošanas transportlīdzekļu pakalpojumu sniedzējiem noteikto prasību pārkāpšana

(1) Par koplietošanas pakalpojumu sniedzējiem noteikto prasību, kas attiecas uz pakalpojuma saņēmēja vecuma pārbaudi mobilajā aplikācijā vai tīmekļvietnē un attiecīgā transportlīdzekļa vadīšanas tiesību esamības pārbaudi, pārkāpšanu piemēro naudas sodu juridiskajai personai no četrpadsmit līdz septiņdesmit naudas soda vienībām.

(2) Par koplietošanas pakalpojumu sniedzējiem noteikto prasību, kas attiecas uz pakalpojuma saņēmēja reaģēšanas spēju pārbaudi alkohola vai citu apreibinošo vielu ietekmes kontroles ietvaros, pārkāpšanu piemēro naudas sodu juridiskajai personai no četrpadsmit līdz septiņdesmit naudas soda vienībām.""",https://likumi.lv/ta/id/364547-grozijumi-celu-satiksmes-likuma
Grozījumi Ceļu satiksmes likumā,"""211) lauksaimniecības mašīntraktors - pilnpiedziņas mehāniskais transportlīdzeklis, kurš būvēts uz automobiļa bāzes un kuram piemēro traktortehnikas tiesisko regulējumu, kuram ir kravas tilpne vai seglu iekārta un kura pilnā masa pārsniedz 4500 kilogramus, kurš ir īpaši konstruēts vai pielāgots, lai vilktu, stumtu, pārvietotu vai darbinātu konkrētas ierīces, maināmās iekārtas vai piekabes, un ir aprīkots ar riepām, kas paredzētas lietošanai lauksaimniecībā, un kurš var būt aprīkots ar ne vairāk kā divām pasažieru sēdvietām, un kuram uzstādīta ātruma ierobežošanas ierīce, ja ekspluatācijā maksimālais tehniski iespējamais ātrums pārsniedz 60 kilometrus stundā;""; papildināt 31.1 punktu ar teikumu šādā redakcijā:

""Šo terminu attiecina arī uz transportlīdzekli kravas pārvadāšanai, kurš aprīkots ar elektromotoru vai elektromotoriem, kuru kopējā maksimālā jauda nepārsniedz vienu kilovatu un pilnā masa nepārsniedz 300 kilogramus, platums nepārsniedz vienu metru, konstrukcijā paredzētais maksimālais ātrums nepārsniedz 25 kilometrus stundā, kuram nav pedāļu un kurš paredzēts vienam cilvēkam un aprīkots ar stūri vai roku atbalstu, kas ir mehāniski savienots ar kāju atbalsta virsmu, bet, ja tas aprīkots ar sēdvietu, tās augstums nedrīkst pārsniegt 540 milimetrus."";",https://likumi.lv/ta/id/364547-grozijumi-celu-satiksmes-likuma
Grozījumi Ceļu satiksmes likumā,"""32) velosipēds - transportlīdzeklis, kas tiek darbināts ar cilvēka muskuļu spēku, izmantojot pedāļus vai rokturus, kā arī šā panta 32.1 un 32.2 punktā minētie transportlīdzekļi, ciktāl šajā likumā nav noteikts citādi;"";

papildināt pantu ar 32.1 un 32.2 punktu šādā redakcijā:

""321) elektrovelosipēds - velosipēds, kas papildus aprīkots ar elektromotoru, kura maksimālā nepārtrauktā nominālā jauda ir mazāka par vai vienāda ar 250 vatiem un kurš atslēdzas, ja velosipēdists pārtrauc mīt pedāļus, vai kura jauda pakāpeniski samazinās un kurš atslēdzas, pirms transportlīdzeklis sasniedz ātrumu 25 kilometri stundā;

322) pašgājējs velosipēds - velosipēds, kas papildus aprīkots ar elektromotoru, kura maksimālā nepārtrauktā nominālā vai lietderīgā jauda nepārsniedz 1000 vatu, kura galvenā funkcija ir palīdzēt mīt pedāļus un kurš atslēdzas, pirms transportlīdzeklis sasniedz ātrumu 25 kilometri stundā;"".",https://likumi.lv/ta/id/364547-grozijumi-celu-satiksmes-likuma
Grozījumi Ceļu satiksmes likumā,"izteikt pirmās daļas 3. punktu šādā redakcijā:

""3) reģistrētus pašgājējus velosipēdus, velorikšas un elektroskrejriteņus."";

papildināt otro daļu pēc vārda ""traktortehnikai"" ar vārdiem ""(izņemot lauksaimniecības mašīntraktoru)"";

aizstāt septītajā daļā vārdu ""nosaka"" ar vārdiem ""var noteikt"";

papildināt pantu ar devīto daļu šādā redakcijā:

""(9) Lai koplietošanas transportlīdzekli varētu izmantot ceļu satiksmē, koplietošanas pakalpojumu sniedzējs pirms pakalpojuma sniegšanas mobilajā aplikācijā vai tīmekļvietnē veic pakalpojuma saņēmēja vecuma pārbaudi un pārliecinās par attiecīgā transportlīdzekļa vadīšanas tiesību esamību, kā arī veic pakalpojuma saņēmēja reaģēšanas spēju pārbaudi alkohola vai citu apreibinošo vielu ietekmes kontroles ietvaros.""",https://likumi.lv/ta/id/364547-grozijumi-celu-satiksmes-likuma
Grozījumi Ceļu satiksmes likumā,"16. Papildināt likumu ar 68.2 pantu šādā redakcijā:

""68.2 pants. Koplietošanas transportlīdzekļu pakalpojumu sniedzējiem noteikto prasību pārkāpšana

(1) Par koplietošanas pakalpojumu sniedzējiem noteikto prasību, kas attiecas uz pakalpojuma saņēmēja vecuma pārbaudi mobilajā aplikācijā vai tīmekļvietnē un attiecīgā transportlīdzekļa vadīšanas tiesību esamības pārbaudi, pārkāpšanu piemēro naudas sodu juridiskajai personai no četrpadsmit līdz septiņdesmit naudas soda vienībām.

(2) Par koplietošanas pakalpojumu sniedzējiem noteikto prasību, kas attiecas uz pakalpojuma saņēmēja reaģēšanas spēju pārbaudi alkohola vai citu apreibinošo vielu ietekmes kontroles ietvaros, pārkāpšanu piemēro naudas sodu juridiskajai personai no četrpadsmit līdz septiņdesmit naudas soda vienībām.""",https://likumi.lv/ta/id/364547-grozijumi-celu-satiksmes-likuma
Grozījums Saeimas vēlēšanu likumā,"Izdarīt Saeimas vēlēšanu likumā (Latvijas Republikas Saeimas un Ministru Kabineta Ziņotājs, 1995, 13. nr.; 1998, 9., 13. nr.; 2002, 12., 13. nr.; 2003, 19. nr.; 2006, 8., 10. nr.; 2007, 13. nr.; 2009, 8. nr.; Latvijas Vēstnesis, 2010, 62. nr.; 2011, 46., 114., 144. nr.; 2012, 203. nr.; 2013, 191. nr.; 2014, 38., 140. nr.; 2016, 52. nr.; 2017, 147. nr.; 2018, 20. nr.; 2019, 118. nr.; 2021, 75., 193. nr.; 2022, 15. nr.; 2024, 124. nr.; 2025, 121. nr.) šādu grozījumu:

Papildināt pārejas noteikumus ar 16. punktu šādā redakcijā:

""16. 2026. gada Saeimas vēlēšanās derīgās vēlēšanu zīmes skaita manuāli.""

Likums stājas spēkā nākamajā dienā pēc tā izsludināšanas.

Likums Saeimā pieņemts 2026. gada 26. martā.",https://likumi.lv/ta/id/367364-grozijums-saeimas-velesanu-likuma
Grozījumi Bezdarbnieku un darba meklētāju atbalsta likumā,"4. 12. pantā:

izteikt pirmās daļas 1. punktu šādā redakcijā:

""1) darba ņēmēja vai pašnodarbinātā statusa iegūšana saskaņā ar likumu ""Par valsts sociālo apdrošināšanu"", izņemot šā statusa iegūšanu uz laiku, kas kopā nepārsniedz 92 dienas darba ņēmējam vai trīs mēnešus pašnodarbinātajam, ja par to ir paziņots Nodarbinātības valsts aģentūrai, kā arī izņemot iesaistīšanos aktīvajos nodarbinātības pasākumos;"";

papildināt pirmo daļu ar 15. punktu šādā redakcijā:

""15) tādu ienākumu gūšana, kas ir valsts sociālās apdrošināšanas obligāto iemaksu objekts saskaņā ar likumu ""Par valsts sociālo apdrošināšanu"", izņemot gadījumu, kad persona ienākumus ir guvusi par darba izpildes periodu pirms bezdarbnieka statusa iegūšanas, iesaistoties aktīvajos nodarbinātības pasākumos, vai kad šādu ienākumu gūšanas laiks no bezdarbnieka statusa iegūšanas dienas kopā nepārsniedz 92 dienas darba ņēmējam vai trīs mēnešus pašnodarbinātajam, ja par to ir paziņots Nodarbinātības valsts aģentūrai."";",https://likumi.lv/ta/id/366194-grozijumi-bezdarbnieku-un-darba-mekletaju-atbalsta-likuma
"Grozījumi Administratīvo sodu likumā par pārkāpumiem pārvaldes, sabiedriskās kārtības un valsts valodas lietošanas jomā","Izdarīt Administratīvo sodu likumā par pārkāpumiem pārvaldes, sabiedriskās kārtības un valsts valodas lietošanas jomā (Latvijas Vēstnesis, 2020, 96. nr.; 2022, 75.A nr.; 2023, 123. nr.; 2024, 230. nr.; 2025, 98. nr.) šādus grozījumus:

1. Papildināt 3. panta otro daļu pēc vārdiem ""Valsts ieņēmumu dienestam"" ar vārdiem ""izņemot informāciju azartspēļu, izložu, preču un pakalpojumu loteriju organizēšanas un azartspēļu pakalpojumu sniegšanas jomā"".

2. 29. pantā:

izslēgt pirmajā daļā vārdus ""Izložu un azartspēļu uzraudzības inspekcija"";

papildināt pirmo daļu pēc vārdiem ""Valsts dzelzceļa tehniskā inspekcija"" ar vārdiem ""Valsts ieņēmumu dienests (ja pārkāpums izdarīts azartspēļu, izložu, preču un pakalpojumu loteriju organizēšanas un azartspēļu pakalpojumu sniegšanas jomā)"";

izslēgt sestajā daļā vārdus ""Izložu un azartspēļu uzraudzības inspekcija"".

Likums stājas spēkā 2026. gada 1. aprīlī.

Likums Saeimā pieņemts 2025. gada 3. decembrī.",https://likumi.lv/ta/id/365276-grozijumi-administrativo-sodu-likuma-par-parkapumiem-parvaldes-sabiedriskas-kartibas-un-valsts-valodas-lietosanas-joma
Likumdošanas jaunumi: skolotājiem būs lielāka autonomija izvēlēties mācību metodes,"Šā gada 30. aprīlī Saeima atbalstīja pirmajā lasījumā un izskatīšanai Izglītības, kultūras un zinātnes komisijā nodeva likumprojektu “Grozījumi Izglītības likumā”, kura mērķis ir stiprināt pedagogu profesionālo autonomiju, kā arī precizēt vecāku tiesības un izglītības iestādes padomes lomu. Anotācijā paskaidrots, ka grozījumi paredz:

veicināt pedagogu profesionālo autonomiju, paredzot pedagogu tiesības patstāvīgi īstenot mācību priekšmeta vai kursa saturu un izvēlēties mācību metodes, mācību līdzekļus un vērtēšanas metodiskos paņēmienus, kā arī saņemt izglītības iestādes dibinātāja un vadītāja atbalstu profesionālās kompetences pilnveidei;
nodrošināt skaidru un tiesiski noteiktu ietvaru pedagoga profesionālajai brīvībai, lēmumu pieņemšanai un pašnoteikšanās tiesībām;
noteikt izglītības iestādes vadītājam un dibinātājam pienākumu sniegt atbalstu, lai veicinātu vienotu un ilgtspējīgu pieeju pedagogu profesionālajai pilnveidei, kas sekmēs pedagogu profesionālo izaugsmi, paaugstinās izglītības kvalitāti un nodrošinās izglītojamo vajadzībām atbilstošu mācību procesu;
stiprināt uzticēšanās principu izglītības procesā, veicinot vecāku (likumisko pārstāvju) līdzatbildīgu, bet pedagogu profesionālo autonomiju respektējošu iesaisti, ietverot:
vecāku (likumisko pārstāvju) tiesību pārskatīšanu, tās neierobežojot, bet nosakot, ka vecāku (likumisko pārstāvju) individuālie priekšlikumi par izglītības procesa pilnveidi tiek apspriesti izglītības iestādes padomē;
būtisku viedokļu atšķirību (domstarpību) gadījumos tās risināt izglītības iestādes vadītāja noteiktajā kārtībā;
precizēt izglītības iestādes padomes kompetenci, ņemot vērā Izglītības likumā iekļautās spēkā esošās tiesību normas par izglītojamo un pedagogu tiesībām un pienākumiem, izglītības iestādes vadītāja kompetenci, kā arī novēršot Izglītības likuma spēkā esošo tiesību normu redakcijā ietverto pretrunu par dibinātāja pārstāvja dalību izglītības iestādes padomē.",https://lvportals.lv/skaidrojumi/389341-likumdosanas-jaunumi-skolotajiem-bus-lielaka-autonomija-izveleties-macibu-metodes-2026
Stājas spēkā regulējums sabiedrības interesēs iesaistīto personu aizsardzībai pret nepamatotām tiesvedībām; palielināti sodi par pārkāpumiem civilprocesā,"Lai nodrošinātu aizsardzību personām, pret kurām tiesā ir celta acīmredzami nepamatota prasība vai prasība ļaunprātīgos nolūkos saistībā ar šo personu darbošanos sabiedrības interesēs, un nacionālajā regulējumā ieviestu Eiropas Savienības direktīvas1 prasības pret stratēģiskām tiesvedībām, Saeima 2026. gada 16. aprīlī galīgajā lasījumā pieņēma Sabiedrības interesēs iesaistīto personu aizsardzības likumu un ar to saistītos grozījumus Civilprocesa likumā. 

Definē, kas ir darbošanās sabiedrības interesēs un ļaunprātīgos nolūkos celtas prasības pazīmes
Sabiedrības interesēs iesaistīto personu aizsardzības likumā ir ietvertas vairāku terminu definīcijas.

Kas ir darbošanās sabiedrības interesēs
Likumā noteikts, ka darbošanās sabiedrības interesēs ir jebkāds uz sabiedrības interesēm attiecināms vēstījums, ko fiziskā vai juridiskā persona paudusi, vai darbība, ko tā veikusi, īstenojot tiesības uz vārda brīvību, humanitāro un eksakto zinātņu brīvību, pulcēšanās un biedrošanās brīvību, tostarp žurnālistikas, politisku, zinātnisku, akadēmisku, māksliniecisku, komentējošu vai satīrisku vēstījumu, publikāciju vai darbu radīšana, izstādīšana, reklamēšana vai citāda popularizēšana un tirgvedības darbības, kā arī jebkādas ar to tieši saistītas sagatavošanas, atbalsta vai palīdzības darbības.

Kas ir sabiedrības interešu jautājums
Pieņemot jauno likumu, noteikts, ka sabiedrības interešu jautājums ir jebkurš jautājums, kas skar sabiedrību tiktāl, lai sabiedrība būtu leģitīmi ieinteresēta tajā, it īpaši tādās jomās kā:

personas pamattiesības, sabiedrības veselība, drošība, vide vai klimats;
sabiedrībā pazīstamas fiziskās vai juridiskās personas darbība publiskajā vai privātajā sektorā;
jautājumi, ko izskata likumdevējs, izpildvara vai tiesa vai kas tiek risināti jebkura cita procesa ietvaros;
izteikumi par korupciju, krāpšanu vai jebkādu citu noziedzīgu nodarījumu vai administratīvajiem pārkāpumiem saistībā ar minētajiem jautājumiem;
darbības, kuru mērķis ir aizsargāt Līguma par Eiropas Savienību 2. pantā nostiprinātās vērtības, tostarp demokrātisko procesu aizsardzība pret nepamatotu iejaukšanos, jo īpaši apkarojot dezinformāciju.",https://lvportals.lv/skaidrojumi/389381-stajas-speka-regulejums-sabiedribas-intereses-iesaistito-personu-aizsardzibai-pret-nepamatotam-tiesvedibam-palielinati-sodi-par-parkapumiem-civilprocesa-2026
Vienkāršotas prasības pašnodarbinātajiem un nostiprinātas iespējas saņemt pensijas un pabalstus ārvalstīs,"Stājušies spēkā grozījumi likumā “Par valsts sociālo apdrošināšanu”, kas paredz atteikties no prasības pašnodarbinātajiem informēt Valsts ieņēmumu dienestu par plānotajiem ienākumiem. Turpmāk noteikta jauna kārtība pašnodarbinātā laulātā brīvprātīgajai sociālajai apdrošināšanai un nostiprinātas tiesības saņemt pensijas un pabalstus ārvalstīs.  Svītrota norma, kas paredz pašnodarbinātajiem informēt VID par plānotajiem ienākumiem
Lai mazinātu administratīvo un birokrātisko slogu, no likuma svītrota norma, kas nosaka pašnodarbināto pienākumu iesniegt Valsts ieņēmumu dienestā (VID) iesniegumu par plānotajiem ienākumiem.

Līdz ar to arī Valsts sociālās apdrošināšanas aģentūrai (VSAA) vairs nebūs jāaprēķina minimālās obligātās iemaksas par periodiem, kuros pašnodarbinātais nav darba ņēmējs un gūst ienākumus, kas mazāki par minimālo algu.  ",https://lvportals.lv/skaidrojumi/389367-vienkarsotas-prasibas-pasnodarbinatajiem-un-nostiprinatas-iespejas-sanemt-pensijas-un-pabalstus-arvalstis-2026
Stājas spēkā jaunais Kapsētu likums: turpmāk vienots regulējums visām pašvaldībām,"Trešdien, 29. aprīlī, stājas spēkā jaunais Kapsētu likums, ar kuru Latvijā pirmo reizi ievieš vienotu un skaidru regulējumu kapsētu piešķiršanai, izveidošanai un apsaimniekošanai visās pašvaldībās. Līdz šim pieeja kapsētu apsaimniekošanai pašvaldībās ievērojami atšķīrās. Plašāk par izmaiņām – LV portālā. Līdz šim tādi jautājumi kā kapsētu ierīkošana, uzturēšana, paplašināšana, kapavietu piešķiršana un citi ar kapsētu pārvaldību saistīti aspekti tika regulēti katras pašvaldības atsevišķi izdotajos saistošajos noteikumos.

Vienlaikus neviens ārējais normatīvais akts iepriekš neregulēja neidentificētu mirušo (tostarp mirušo, kuram nav piederīgo) apbedīšanu vai kremēšanu, kārtību, kādā pašvaldības apkopo informāciju par kapsētās veiktajiem apbedījumiem un kolumbārijos izvietotajām urnām, kā arī ziņu aktualizāciju Fizisko personu reģistrā par Latvijas teritorijā vai ārvalstīs veiktu reģistrētas mirušās personas apbedīšanu vai kremāciju vai Latvijas teritorijā veiktu nezināma (neidentificēta) mirušā apbedīšanu vai kremāciju.

Turpmāk Kapsētu likums paredz visām pašvaldībām vienotas prasības un kārtību kapsētu izveidošanai, pārvaldībai un slēgšanai, regulē kapavietu piešķiršanas un uzturēšanas, kā arī apbedīšanas noteikumus un nosaka pienākumu regulāri aktualizēt Fizisko personu reģistrā ziņas par mirušo personu apbedīšanu vai kremāciju.

Kapsētu likuma mērķis ir nodrošināt kultūrvēsturiskajām tradīcijām Latvijā atbilstošu pašvaldību kapsētu izveidošanas un apsaimniekošanas, kā arī kapavietu piešķiršanas kārtību, ievērojot ikviena cilvēka tiesības uz kapavietu un cieņpilnu attieksmi pēc nāves.",https://lvportals.lv/skaidrojumi/389067-stajas-speka-jaunais-kapsetu-likums-turpmak-vienots-regulejums-visam-pasvaldibam-2026
Par atkārtotiem administratīvajiem pārkāpumiem ārzemniekiem varēs anulēt uzturēšanās atļauju,"Šī gada 29. aprīlī spēkā stājas grozījumi Imigrācijas likumā, kas paredz, ka termiņuzturēšanās atļauju varēs anulēt, ja ārzemnieks trīs vai vairākas reizes gada laikā būs izdarījis administratīvos pārkāpumus pārvaldes, sabiedriskās kārtības, ceļu satiksmes vai bērnu tiesību aizsardzības jomā. 

Lai stiprinātu valsts drošību un veicinātu ārzemnieku likumpaklausību, Saeima pieņēmusi grozījumus Imigrācijas likuma 35. pantā, kas turpmāk paredz, ka izsniegto termiņuzturēšanās atļauju varēs anulēt arī tad, ja pēc kompetentu valsts iestāžu izvērtējuma tiks konstatēts, ka ārzemnieks apdraud sabiedrisko kārtību un drošību, tostarp sistemātiski – trīs vai vairākas reizes 12 mēnešu periodā – izdarot administratīvos pārkāpumus pārvaldes, sabiedriskās kārtības, ceļu satiksmes vai bērnu tiesību aizsardzības jomā. Piemēram, ja persona administratīvi sodīta par agresīvu uzvedību, maznozīmīgu miesas bojājuma nodarīšanu, par totalitāro režīmu simbolu izmantošanu publiskā vietā, kā arī seksuālu uzmākšanos un ceļu satiksmes noteikumu pārkāpumiem. 

Likumprojekta “Grozījumi Imigrācijas likumā” anotācijā skaidrots, ka sistemātiska tiesību aktu prasību neievērošana norāda uz nevērīgu personas attieksmi pret sabiedrisko kārtību, drošību un līdzcilvēku tiesībām, kā arī vienaldzību pret likumu un agrāk saņemtajiem sodiem. Ņemot vērā, ka valsts pienākums ir nodrošināt sabiedrisko kārtību un drošību, secināts, ka atkārtotu pārkāpumu veikšana rada iemeslu izvērtēt ārzemnieku uzturēšanas atļaujas pamatotību.  ",https://lvportals.lv/skaidrojumi/389081-par-atkartotiem-administrativajiem-parkapumiem-arzemniekiem-vares-anulet-uzturesanas-atlauju-2026
No 1. maija pašgājējiem velosipēdiem obligāta reģistrācija un OCTA,"2026. gada 1. maijā stāsies spēkā tiesību normas, kas aizliedz piedalīties ceļu satiksmē ar nereģistrētiem pašgājējiem velosipēdiem un nosaka tiem obligātu sauszemes transportlīdzekļu īpašnieku civiltiesiskās atbildības obligāto apdrošināšanu (OCTA). Attiecīgi no 1. maija par pārvietošanos ar nereģistrētiem pašgājējiem velosipēdiem un/vai OCTA neesamību šādiem braucamrīkiem varēs piemērot administratīvo naudas sodu.

Tas, ka pašgājēji velosipēdi turpmāk obligāti būs jāreģistrē Ceļu satiksmes drošības direkcijā (CSDD), bija zināms jau 2025. gada 22. novembrī, kad stājās spēkā grozījumi Ceļu satiksmes likumā (turpmāk – grozījumi CSL).",https://lvportals.lv/skaidrojumi/388294-no-1-maija-pasgajejiem-velosipediem-obligata-registracija-un-octa-2026
Jaunu elektronisko sakaru tīklu ierīkošana kopīpašumā nebūs jāsaskaņo ar visiem kopīpašniekiem,"Ar grozījumiem Elektronisko sakaru likumā, kas stājas spēkā 2. aprīlī, paredzēts, ka jaunu elektronisko sakaru tīklu ierīkošana kopīpašumā nebūs jāsaskaņo ar visiem kopīpašniekiem, kā arī precizētas elektronisko sakaru komersanta piekļuves tiesības dzīvojamo ēku infrastruktūrai. 

Sakaru nozarē viena no būtiskākajām problēmām, kas rada nopietnu risku Eiropas Savienības stratēģiskajiem mērķiem atbilstošu elektronisko sakaru pakalpojumu nodrošināšanai, ir grūtības saskaņot elektronisko sakaru ierīkošanas un būvniecības projektus kopīpašumos, norādīts likumprojekta anotācijā.

Saskaņā ar normatīvo regulējumu kopīpašumam, kurā izdalīti dzīvokļa īpašumi, ir piemērojama Dzīvokļa īpašuma likuma 16. panta trešā daļa, kas paredz, ka dzīvokļu īpašnieku kopības lēmums ir pieņemts tad, ja “par” nobalsojuši dzīvokļu īpašnieki, kuri pārstāv vairāk nekā pusi no dzīvojamās mājas dzīvokļu īpašumiem. Taču attiecībā uz tām daudzdzīvokļu mājām, kuras nav sadalītas dzīvokļa īpašumos (nedalīts kopīpašums), joprojām vajadzīga visu kopīpašnieku piekrišana – to nosaka Civillikuma 1068. pants.

Lai atvieglotu elektronisko sakaru pakalpojumu nodrošināšanu, ar grozījumiem Elektronisko sakaru likuma 28. panta pirmajā daļā noteikts, ka kopīpašumā jaunu elektronisko sakaru tīklu ierīkošanu vai izbūvi nepieciešams saskaņot ar vairāk nekā pusi kopīpašnieku.",https://lvportals.lv/skaidrojumi/388111-jaunu-elektronisko-sakaru-tiklu-ierikosana-kopipasuma-nebus-jasaskano-ar-visiem-kopipasniekiem-2026
Izložu un azartspēļu uzraudzības inspekciju pievieno VID,"Divas VID struktūrvienības
Grozījumi Azartspēļu un izložu likumā paredz, ka visas funkcijas un uzdevumus azartspēļu un izložu jomā, ko veica IAUI, turpmāk īstenos VID.

No 1. aprīļa nozares uzraudzības un kontroles funkcijas veiks divas VID Nefinanšu sektora uzraudzības pārvaldes struktūrvienības. Tas ir, Azartspēļu un izložu uzraudzības daļa risinās licencēšanas, atbilstības un juridiskos jautājumus, bet Azartspēļu un izložu kontroles daļa veiks klātienes, attālināto, tehnisko un finanšu kontroli.",https://lvportals.lv/skaidrojumi/388037-izlozu-un-azartspelu-uzraudzibas-inspekciju-pievieno-vid-2026
Īslaicīgi samazinās akcīzes nodokli dīzeļdegvielai,"28. martā stājas spēkā Naftas produktu cenu pieauguma ierobežošanas likums.

2026. gada 26. martā Saeima izskatīšanai Budžeta un finanšu (nodokļu) komisijā nodeva likumprojektu “Degvielas cenu pieauguma ierobežošanas likums”, kura mērķis ir īslaicīgi ierobežot strauji pieaugušo naftas produktu cenu negatīvo ietekmi uz tautsaimniecību un iedzīvotājiem pasaules enerģētiskās krīzes dēļ. Likumprojekts tika atzīts par steidzamu un uzreiz izskatīts divos lasījumos Saeimas kārtējā sēdē šā gada 26. martā. Saeimas Juridiskais birojs aicināja mainīt likumprojekta nosaukumu “Degvielas cenu pieauguma ierobežošanas likums” uz “Naftas produktu cenu pieauguma ierobežošanas likums”. 

Naftas produktu cenu pieauguma ierobežošanas likums paredz samazināt līdz šim piemērojamo akcīzes nodokļa likmi dīzeļdegvielai par 15,2% (no 467 uz 396 eiro par 1000 litriem).

Akcīzes nodokļa likmi uz laiku samazinās arī marķētajai dīzeļdegvielai, ko izmanto lauksaimniecībā, proti, tas būs 21 eiro par 1000 litriem.

Akcīzes nodokļa likmju samazināšana paredzēta kā terminēts pasākums (pagaidu akcīzes nodoklis) no 2026. gada 1. aprīļa līdz 30. jūnijam.

Tāpat likumā noteikts, ka pēc attiecīgā termiņa beigām – no 2026. gada 1. jūlija – komersantiem nebūs jāveic naftas produktu (dīzeļdegvielas (gāzeļļas), tās aizstājējproduktu un komponentu) inventarizācija, ko paredz likuma “Par akcīzes nodokli” pārejas noteikumu 12.1 un 12.3 punkts.",https://lvportals.lv/skaidrojumi/387839-islaicigi-samazinas-akcizes-nodokli-dizeldegvielai-2026
"Stājas spēkā norma, ar ko tiks ierobežotas skolēnu iespējas mācīties tālmācībā","19. martā stājas spēkā grozījumi Izglītības likumā, kas paredz ierobežot tālmācības iespējas 1.–6. klašu skolēniem. Tālmācība vai izglītība ģimenē būs pieļaujama tikai īpašos gadījumos, izvērtējot bērna intereses. Izmaiņas mācību īstenošanā no 1. līdz 6. klasei
Izglītības likuma 8. pantā skaidrotas izglītības ieguves formas. Līdz šim spēkā esošā redakcija paredzēja, ka izglītības programmas īstenojamas klātienē, neklātienē un tālmācības formā. Attiecībā uz neklātienes un tālmācības formu tika norādīts, ka pamatizglītībā un vispārējā vidējā izglītībā tā īstenojama, ievērojot Ministru kabineta noteikumus.

Taču, stājoties spēkā grozījumiem Izglītības likumā, skolēnu no 1. līdz 6. klasei mācības tiks organizētas tikai klātienē, atsevišķos gadījumos pieļaujot tālmācību vai mācības ģimenē.

Savukārt pamatskolēniem no 7. līdz 9. klasei un vidusskolēniem mācības varēs organizēt klātienē, nepilna laika klātienē vai tālmācībā. Izglītības programmas klātienē un nepilna laika klātienē varēs apgūt, organizējot un īstenojot arī kombinētas mācības atbilstoši Ministru kabineta noteiktajiem kritērijiem un kārtībai.

Pirmsskolas izglītības programmas, tāpat kā līdz šim, varēs īstenot tikai klātienē.",https://lvportals.lv/skaidrojumi/387481-stajas-speka-norma-ar-ko-tiks-ierobezotas-skolenu-iespejas-macities-talmaciba-2026
Jaunieša vecuma slieksni palielina līdz 30 gadiem. Stājas spēkā plašas izmaiņas likumā,"Par jauniešiem likuma izpratnē turpmāk uzskatīs personas vecumā līdz 30 gadiem, tāpat precizēta iesaistīto institūciju loma jaunatnes politikā, kā arī uzlaboti līdzdalības mehānismi. To paredz grozījumi Jaunatnes likumā, kas stājas spēkā 19. martā.

īsumā
Turpmāk jaunietis likuma izpratnē būs persona no 13 līdz 30 gadiem (iepriekš – līdz 25 gadu vecumam). Tas ļaus plašākam personu lokam saņemt valsts un pašvaldību atbalstu.
Likumā precizēta institūciju, īpaši Izglītības un zinātnes ministrijas un pašvaldību, atbildība un paredzēta ikgadējā jaunatnes politikas valsts programma.
Pašvaldībām jāplāno jaunatnes politika, jānosaka atbildīgās institūcijas un jāveido sistēma darbam ar jauniešiem.
Jaunatnes starptautisko programmu aģentūra īstenos valsts un ES programmas, attīstīs neformālo izglītību un varēs piešķirt stipendijas darbā ar jaunatni iesaistītajiem.
Likumā iekļauta Latvijas Jaunatnes padome. Tā pārstāvēs jaunatnes organizāciju intereses un sniegs atzinumus par normatīvo aktu projektiem.
Ieviests nacionālais jaunatnes dialogs – konsultatīvs mehānisms, kurā jaunieši un valsts institūcijas kopīgi apspriež jaunatnes politikas jautājumus un lēmumus.",https://lvportals.lv/skaidrojumi/387474-jauniesa-vecuma-slieksni-palielina-lidz-30-gadiem-stajas-speka-plasas-izmainas-likuma-2026
Ar grozījumiem likumā precizētas KNAB funkcijas,"12. martā stājas spēkā grozījumi Korupcijas novēršanas un apkarošanas biroja (KNAB) likumā, ar kuriem tiek precizēts KNAB funkciju un uzdevumu izpildei nepieciešamais regulējums. Aplūkojam, ko paredz grozījumi.

īsumā
Precizē KNAB funkcijas taktiskās un stratēģiskās analīzes veikšanai
Ievieš regulējumu risku analīzes informācijas sistēmas izmantošanai un datu apstrādei
Konkretizē resoriskās pārbaudes veikšanas kārtību
Personas, kas sodītas par tīša noziedzīga nodarījuma izdarīšanu, nevarēs pretendēt uz dienestu KNAB
Noteikts KNAB dienesta apliecības un žetona paraugs",https://lvportals.lv/skaidrojumi/387193-ar-grozijumiem-likuma-precizetas-knab-funkcijas-2026
Skaistumkopšanas pakalpojumu sniedzējiem būs jānorāda iegūtā kvalifikācija,"Lai novērstu situācijas, kurās augsta riska pakalpojumus sniedz personas bez pilnvērtīgas izglītības, turpmāk skaistumkopšanas speciālistiem, reģistrējot darbību, būs jānorāda iegūtā kvalifikācija. Šī informācija būs pieejama arī patērētājiem, tāpēc ikviens pirms pakalpojuma saņemšanas varēs pārliecināties, vai speciālistam ir atbilstoša izglītība.

Izmaiņas paredz grozījumi Ministru kabineta (MK) noteikumos Nr. 693 “Kārtība, kādā skaistumkopšanas un tetovēšanas pakalpojumu sniedzēji paziņo par saimnieciskās darbības uzsākšanu”, kas stājas spēkā 2026. gada 7. martā.

Pakalpojumu sniedzējiem jānorāda iegūtā kvalifikācija
Līdz šim persona, kura uzsāka skaistumkopšanas vai tetovēšanas pakalpojumu sniegšanu, iesniedza Veselības inspekcijā (VI) paziņojumu par darbības uzsākšanu un pakalpojuma veidu, nenorādot pakalpojuma sniedzēja kvalifikāciju.

Stājoties spēkā grozījumiem MK noteikumos Nr. 693, ar jaunu sadaļu papildināta pieteikuma anketa “Skaistumkopšanas un tetovēšanas pakalpojuma sniedzēja paziņojums par saimnieciskās darbības uzsākšanu”, kurā pakalpojuma sniedzējam vai tā nodarbinātajām personām turpmāk būs jānorāda iegūtā kvalifikācija, izvēloties kādu no piedāvātajām specialitātēm. 

Kā paskaidrots grozījumu anotācijā, pakalpojuma sniedzējiem, kuri nav ieguvuši profesionālo izglītību jeb kvalifikāciju skaistumkopšanas nozarē, bet ir pabeiguši kursus (piemēram, skropstu vai gēla nagu pieaudzēšanā), būs iespēja atzīmēt izvēlni “nekvalificēts speciālists skaistumkopšanā”.",https://lvportals.lv/skaidrojumi/386987-skaistumkopsanas-pakalpojumu-sniedzejiem-bus-janorada-ieguta-kvalifikacija-2026
"No 1. marta paplašināts maksas ceļu tīkls un stājas spēkā vinješu likmju izmaiņas kravas transportam virs 3,5 tonnām","2026. gada 1. martā stājās spēkā grozījumi Autoceļu lietošanas nodevas likumā, kas paplašina autoceļu sarakstu ar jauniem valsts galveno un reģionālo autoceļu posmiem, par kuru izmantošanu jāmaksā nodeva. Vienlaikus stājušās spēkā vinješu likmju izmaiņas kravas transportam virs 3,5 tonnām. Vieglākam komerctransportam autoceļu lietošanas nodevas likmes 2026. gadā saglabājas 2025. gada līmenī, izņemot bezemisiju transportlīdzekļus un tos transportlīdzekļus, kuru motora izmešu līmenis atbilst EURO IV grupai. Papildus ar grozījumiem paplašināts nodevas atbrīvojuma periods lauksaimniekiem un zemnieku saimniecībām, kā arī ieviests jauns atbrīvojums daudzbērnu ģimenēm un reemigrantiem.

īsumā
Papildināts autoceļu saraksts, par kuru izmantošanu nepieciešama vinjete
Valsts galveno un reģionālo autoceļu posmi
Vinješu likmju izmaiņas kravas transportam virs 3,5 tonnām
Transportlīdzekļiem līdz 3,5 tonnām vinješu likmju izmaiņas stāsies spēkā 2027. gada 1. janvārī, bet ir izņēmumi
Lielāks nodevas atbrīvojuma periods zemnieku saimniecībām, lauksaimniekiem un mazajiem uzņēmējiem
Ieviesti nodevas atvieglojumi daudzbērnu ģimenēm un reemigrantiem",https://lvportals.lv/skaidrojumi/386753-no-1-marta-paplasinats-maksas-celu-tikls-un-stajas-speka-vinjesu-likmju-izmainas-kravas-transportam-virs-35-tonnam-2026
Akadēmiskā brīvība un ētikas kodeksi. Stājas spēkā izmaiņas Augstskolu likumā,"Augstskolu likums papildināts ar paplašinātu akadēmiskās brīvības jēdzienu, kā arī jaunu pantu – “Akadēmiskā ētika un godīgums”.  

īsumā
Salīdzinot ar to, kā akadēmiskā brīvība tiek izprasta un interpretēta Eiropas augstākās izglītības telpā, tās līdzšinējais apraksts Augstskolu likumā bijis nepilnīgs. 
Ar grozījumiem Augstskolu likumā tiek paplašināts akadēmiskās brīvības jēdziens. 
Likums ir papildināts ar jaunu pantu – “Akadēmiskā ētika un godīgums”.  
Augstskolai ir noteikts pienākums izstrādāt ētikas kodeksu, kurā ietverti akadēmiskās ētikas pamatprincipi un prasības augstskolas personāla rīcībai pārkāpumu gadījumā. 
Augstskolas senātam ir jāizstrādā mākslīgā intelekta tehnoloģiju izmantošanas noteikumi akadēmiskajā un zinātniskajā studiju un pētniecības procesā.    ",https://lvportals.lv/skaidrojumi/385188-akademiska-briviba-un-etikas-kodeksi-stajas-speka-izmainas-augstskolu-likuma-2026
Ievieš vienoto būves reģistrācijas procesu,"Lai mazinātu birokrātiju un vienotu būves reģistrācijas procesu – no idejas par būvi un pirmā ieraksta Būvniecības informācijas sistēmā līdz īpašumtiesību sakārtošanai –, mainīti vairāki likumi un Ministru kabineta noteikumi, kas stājas spēkā 2026. gada 6. janvārī.


UZZIŅAI
Vienotā būves reģistrācijas procesa ieviešanai tika grozīti četrpadsmit normatīvie akti – gan Ekonomikas ministrijas (EM), gan Tieslietu ministrijas (TM) virzītie.


Izmaiņu kopums – grozījumi Būvniecības likumā, grozījumi Zemesgrāmatu likumā un grozījumi likumā “Par nekustamā īpašuma ierakstīšanu zemesgrāmatās” – ievieš vienotu regulējumu būves reģistrācijas procesam no būvniecības procesa ierosināšanas līdz īpašuma tiesību nostiprināšanai.


Lai ieviestu vienoto būves reģistrācijas procesu, veiktas izmaiņas arī vairākos EM atbildībā esošajos ar vienoto procesu saistītajos Ministru kabineta (MK) noteikumos. 6. janvārī stājas spēkā:",https://lvportals.lv/skaidrojumi/384586-ievies-vienoto-buves-registracijas-procesu-2026
Dzīvokļu īpašnieku kopības varēs atvērt kontu kredītiestādē un saņemt aizdevumu,"5. janvārī stājas spēkā grozījumi Dzīvokļa īpašuma likumā, ar kuriem paredzēts ieviest dzīvokļu īpašnieku kopību reģistru, katrai piešķirot īpašu identifikatoru. Tas ļaus kredītiestādēm identificēt dzīvokļu īpašnieku kopību kā pilnvērtīgu tiesību subjektu, kas var atvērt norēķinu kontu un saņemt aizdevumu mājas atjaunošanai.

īsumā
Lai atvērtu kontu kredītiestādē, dzīvokļu īpašnieku kopībai ir nepieciešams reģistrācijas numurs un drošs veids, kā apliecināt to pārstāvēt tiesīgās personas.
Ar grozījumiem likumā paredzēts izveidot dzīvokļu īpašnieku kopību reģistru. Katrai kopībai piešķirs identifikatoru un nosaukumu.
Būvniecības valsts kontroles birojam līdz 2026. gada 1. aprīlim reģistrā jāiekļauj ziņas par kopībām, kuras izveidotas līdz 2026. gada 4. janvārim.
Dzīvokļu īpašnieku kopībai būs jāsniedz ziņas Uzņēmumu reģistram par patieso labuma guvēju.
Ja ieņēmumi gadā nepārsniegs divas minimālās mēnešalgas, nebūs jāreģistrējas VID kā saimnieciskās darbības veicējam vai nodokļa maksātājam.",https://lvportals.lv/skaidrojumi/384522-dzivoklu-ipasnieku-kopibas-vares-atvert-kontu-kreditiestade-un-sanemt-aizdevumu-2026
