url,raw_content
https://www.lsm.lv/raksts/zinas/latvija/09.05.2026-vermanes-darza-atzime-eiropas-dienu.a646390/,"Visā Eiropā sestdien, 9. maijā, svin Eiropas dienu. Rīgā lielākais pasākums notika Vērmanes dārzā, kas ietvēra koncertus, diskusijas un citas aktivitātes, kas deva iespēju tuvāk iepazīt Eiropas Savienības (ES) sniegtās iespējas un dalībvalstu kultūru un tradīcijas."
https://www.delfi.lv/life/42051922/sovbizness/120117432/noklausies-jau-tagad-visas-eirovizijas-dziesmas-vienuviet,"Jau pavisam drīz mēs būsim ieslīguši dziesmu konkursa ""Eirovīzija"" virpulī. 12. maijā, kad konkurss sāksies, notiks pirmais pusfināls. Latvijas pārstāve Atvara ar dziesmu ""Ēnā"" startēs otrajā pusfinālā, kas norisināsies 14. maijā, savukārt fināls, kurā tiks noskaidrots konkursa uzvarētājs, būs 16. maijā. Tikmēr mēs jau laikus jūs aicinām ieskandināt ""Eirovīzijas"" dziesmas un saprast, kurš ir jūsu favorīts."
https://www.delfi.lv/193/politics/120117664/reportaza-no-dzimtas-majam-vidzemes-jurmalas-krasta-te-vetras-piederas-pie-lietas,"""Tāda vētra, ka jūra kaut ko izskalo, ir ļoti reti. Pēdējā bija 2005. gadā. Izrāva cauruli, ceļus izjauca ārā,"" atminas Ieva Jansone, kura uzņem ""Delfi"" dzimtas mājās Liepupes pagastā vien dažus desmitus metru no pirmajiem jūras viļņiem. Stiprs vējš gan šejieniešiem nav nekāds retums. ""Tādi balti viļņi, viens uz otra. Skaisti jau, skaisti. Un gulbji pa starpām,"" aprīļa pēdējās nogales spēcīgās brāzmas ar patīkamu sajūsmu atminas kaimiņiene Ruta.
Pēdējos divos gadu desmitos stipru vētru aktivitāte tiešām ir mazinājusies, bet krastu eksperts ar ilggadēju pieredzi Jānis Lapinskis saka, ka esam pārmaiņu laikā un stiprākas vētras agrāk vai vēlāk atgriezīsies. Par nozīmīgu krasta eroziju var sākt domāt, ja vēja ātrums sasniedz vismaz 20–22 m/s un pieturas ilgstoši, piebilst Lapinskis: ""Ļoti cietu garantiju nedošu, bet ticams, ka kaut kur starp Vitrupi un Tūju, kur ir Ķurmrags, kādus 100 gadus jūrai vajadzēs, lai noskrubinātu 100 metrus."""
https://www.delfi.lv/life/56010800/notikumi/120116922/sova-koru-kari-finala-neieklust-madonas-zalais-koris-un-finkis,"Svētdien, 3. maijā, ar spilgtiem un skanīgiem priekšnesumiem aizvadīts šova ""Koru kari"" pusfināls, kurā trīs līdz šim labākie kori, katrs izpildot divas dziesmas, sacentās par iekļūšanu finālā. Apkopojot balsojuma rezultātus, tika noskaidrots, ka šovu jāatstāj Madonas zaļajam korim ar Fiņķi, portālu ""Delfi"" informēja raidījuma veidotāji."
https://www.delfi.lv/kultura/32026447/culturenvironment/120117656/kalvina-harisa-un-a-ap-rocky-koncertu-atbalstam-pasvaldiba-pieskirusi-190-tukstosus-eiro,"Rīgas pašvaldība piešķīrusi atbalstu 190 000 eiro apmērā amerikāņu repera A$AP Rocky un skotu dīdžeja Kalvina Harisa koncertu rīkošanai galvaspilsētā, piektdien, 8. maijā, vēsta Latvijas Televīzijas raidījums ""Kultūršoks"". Finansējums piešķirts, lai veicinātu tūristu piesaisti Rīgai. Raidījuma uzrunātie koncertu rīkošanas nozares pārstāvji nesūdzas par tirgus kropļošanu, taču vietējās tūrisma industrijas pārstāvji šaubās, vai lielkoncerti ir īstais veids, kā sagādāt Rīgai vajadzīgos tūristus."
https://www.delfi.lv/kultura/52862727/screen/120117559/latvijas-delegacija-un-filma-ula-dodas-uz-prestizo-kannu-kinofestivalu,"Otrdien, 12. maijā, Francijā sāksies pasaulslavenais Kannu kinofestivāls, un Latvijas spilgtākais sasniegums šogad ir Viestura Kairiša spēlfilmas ""Uļa"" iekļaušana konkursā ""Īpašais skatiens / Un certain regard"", bet festivāla norisēs un filmu tirgū aktīvi piedalās arī citi Latvijas filmu nozares profesionāļi, portālu ""Delfi"" informē Nacionālā kino centra pārstāve Kristīne Matīsa.
Pasaulē nozīmīgākais kinofestivāls Kannās šogad notiek jau 79. reizi, un pasaules pirmizrāde šajā kinoindustrijas epicentrā ir ievērojams sasniegums. Kā jau ziņots, Latvijas studijā ""Ego Media"" producētā spēlfilma, Latvijas, Polijas, Igaunijas un Lietuvas kopražojums ""Uļa / Ulya"", kas veidota pēc galvenās lomas tēlotāja, aktiera Kārļa Arnolda Avota ieceres, atlasīta vienam no diviem galvenajiem Kannu konkursiem, filmas pasaules pirmizrāde notiks 21. maijā. Tai paredzēts arī tirgus seanss, norāda Matīsa.
Spēlfilma ""Uļa"" ir oriģināls un konceptuāls kinodarbs, kura ieceres pamatā ir aktiera Kārļa Arnolda Avota ideja un vēlēšanās nospēlēt šo emocionālo un dramatisko neparastas pusaudzes identitātes meklējumu stāstu, kas balstīts leģendārās Latvijas basketbolistes Uļjanas Semjonovas biogrāfijā. Melnbaltās filmas darbība risinās 60. gadu beigās. Radošajā komandā līdz ar režisoru Viesturu Kairišu ir poļu kinooperators Vojcehs Starons un māksliniece Ieva Jurjāne, filmas producents – Guntis Trekteris. Filmas nacionālā pirmizrāde Latvijā gaidāma šāgada rudenī."
https://www.delfi.lv/kultura/4333423/theatre/120117579/pirmizradi-piedzivos-jauns-liepajas-radioteatra-iestudejums-piecas-dalas,"Latvijas Radio 1. kanālā no 12. līdz 16. maijam izskanēs jauns Liepājas radioteātra iestudējums, ko pēc Virdžīnijas Lejiņas romāna ""Reizēm. Vienmēr. Nekad"" iestudējusi aktrise un režisore Karīna Tatarinova.
2020. gadā, kad pasauli pārņēma pandēmija un satikšanās teātrī vairs nebija iespējama, Liepājas teātra aktrise Karīna Tatarinova nolēma izveidot Liepājas radioteātri, kurā radīt latviešu autoru iestudējumus profesionālu aktieru izpildījumā. Viņas režijā šo sešu gadu laikā tapušas vairākas radioizrādes, kam par pamatu ņemti stāsti, gan romāni, kas ierakstīti vairākos turpinājumos.
Šogad piecos turpinājumos tapusi radio izrāde ""Kur tas vējš ir aprakts un no kuras puses pūš tas suns?"", kam par pamatu ņemts Virdžīnijas Lejiņas romāns ""Reizēm. Vienmēr. Nekad"". Darbs pie šī radioiestudējuma noticis vairākus mēnešus, ieraksta laiks aizņems vairāk nekā četras stundas, tāpēc pirmatskaņojums gaidāms piecus vakarus pēc kārtas Latvijas Radio 1 ēterā laika posmā no 12. līdz 16. maijam pulksten 22.05. Pēc tam visas sērijas būs iespējams noklausīties radio arhīvā."
https://www.delfi.lv/kultura/2094270/books/120115508/riga-sakas-piektais-starptautiskais-dzejas-festivals-page-break,"No 22. līdz 25. aprīlim Rīgā notiekošais 5. starptautiskais dzejas festivāls ""Page Break"" pulcēs 15 starptautiski pazīstamus dzejniekus vairāk nekā 10 daudzveidīgos dzejai veltītos pasākumos.
Festivāla centrālie publiskie notikumi būs dzejas lasījumi kino ""Splendid Palace"" un noslēguma dzejkoncerts, portālu ""Delfi"" informē festivāla rīkotāja Madara Gruntmane no ""I Did It"".
23. aprīlī pulksten 19 kino ""Splendid Palace"" ""Straumes"" zālē dzejas lasījumos piedalīsies Nīls Hāvs no Dānijas, Elizabete Duvala no Spānijas, Alesandro Mistrorigo no Itālijas, Anna Julian Mendlik no Vācijas, Reičela Devoskina no ASV, kā arī latviešu dzejnieki Elvīra Bloma un Ilmārs Šlāpins.
"
https://www.delfi.lv/193/politics/120117514/beigas-zalmaldinasanai-rudeni-uznemumiem-bus-stingraki-noteikumi,"Mārketingā arvien biežāk tiek lietoti tādi apzīmējumi kā ""videi draudzīgs"", ""zaļš"", ""ekoloģisks"" vai ""ilgtspējīgs"". Tomēr bieži vien šie apgalvojumi nav pietiekami skaidri vai pamatoti. Turpmāk vides un ilgtspējas norādēm būs jābūt precīzām, saprotamām un balstītām uz pārbaudāmiem pierādījumiem, brīdina Patērētāju tiesību aizsardzības centra (PTAC).
No 2026. gada 27. septembra stāsies spēkā grozījumi Negodīgas komercprakses aizlieguma likumā, ieviešot stingrākas prasības zaļo norāžu, ilgtspējas marķējumu un ar vidi saistītu apgalvojumu izmantošanai komercpraksē. To mērķis ir mazināt maldinošu informāciju, stiprināt patērētāju uzticēšanos un nodrošināt godīgu konkurenci.
Jaunie noteikumi paredz, ka:
vides apgalvojumiem jābūt konkrētiem un attiecināmiem uz noteiktu produkta vai pakalpojuma aspektu, nevis vispārīgiem;
tiem jābalstās uz ticamiem datiem, piemēram, testiem, dzīves cikla analīzi vai neatkarīgu izvērtējumu;
aizliegto prakšu saraksts papildināts ar konkrētām praksēm, kas maldina patērētāju;
ilgtspējas marķējumi būs pieļaujami tikai tad, ja tie balstīti uz neatkarīgu sertifikāciju un skaidriem, publiski pieejamiem kritērijiem.
Par uzticamiem tiks uzskatīti, piemēram, atzīti Eiropas Savienības (ES) vai starptautiski ekomarķējumi, savukārt pašizdomāti vai nepārbaudīti marķējumi nebūs pieļaujami."
https://www.delfi.lv/193/politics/120115365/sak-atjaunot-lu-galveno-eku-raina-bulvari,"Sākta Latvijas Universitātes (LU) galvenās ēkas Rīgā, Raiņa bulvārī 19, atjaunošana. Tās gaitā tiks uzlabota ēkas energoefektivitāte, vienlaikus saglabājot tās kultūrvēsturisko vērtību, jo ēka ir valsts nozīmes arhitektūras piemineklis, portālu ""Delfi"" informēja LU.
Projekts ""Siltumnīcefekta gāzu emisiju samazināšana Latvijas Universitātes ēkā Raiņa bulvārī 19, Rīgā"" notiek saskaņā ar LU Nekustamo īpašumu attīstības plānu.
Tā izmaksas ir 4,8 miljoni eiro. Būtisku atbalstu nodrošina Emisijas kvotu izsolīšanas instruments (EKII), kas līdzfinansē projektu 3,4 miljonu eiro apmērā jeb aptuveni 70% no attiecināmajām izmaksām. Savukārt LU ieguldījums projektā ir 1,4 miljoni eiro."
https://www.lsm.lv/raksts/kultura/izklaide/08.05.2026-ar-mamindienai-veltitiem-pasakumiem-riga-saksies-gimenes-menesis.a646299/,"Māmiņdienas pasākumi Rīgā
Māmiņdienā Rīgā paredzēti vairāki pasākumi dažādās norises vietās.
Pulksten 12.00 kultūras pils ""Ziemeļblāzma"" parkā izskanēs koncerts māmiņām, vecmāmiņām, vecvecmāmiņām, krustmātēm un tantēm ""Melodiju pušķis mammai"" ar aktieriem Ēriku Egliju-Grāveli un Gintu Grāveli.
Savukārt kultūras centra ""Mazā ģilde"" dārzā no pulksten 12.00 līdz 14.30 notiks Mātes dienai veltītas radošās darbnīcas ""Mīļdarbnīcas"", kurās varēs izgatavot dāvanas māmiņām un vecmāmiņām – saldumus, atslēgu piekariņus, grāmatzīmes un citas mīļlietiņas. Bet pulksten 15.00 ""Mazajā ģildē"" izskanēs koncerts ""Dziesma mātei"", kurā piedalīsies jauktais koris ""Skaņupe"" un Dailes teātra dziedošie aktieri Gints Grāvelis, Agate Grīnhofa un Ralfs Puzāns, kas izpildīs latviešu kino mūzikas pērles."
https://www.lsm.lv/raksts/dzive-stils/tehnologijas-un-zinatne/07.05.2026-latvija-notiks-excel-esports-sacensibas-uzvaretajs-dosies-uz-pasaules-cempionatu-asv.a646057/,"Latvijā 20. augustā pirmo reizi norisināsies ""Excel Esports"" čempionāta posms, kura uzvarētājs dosies uz pasaules čempionātu Lasvegasā, informēja rīkotāji, norādot, ka sacensībās var piedalīties ikviens Latvijas pilsonis un rezidents. 
11. jūnijā notiks ""Excel Esports"" čempionāta Latvijas posma tiešsaistes kvalifikācija, kurā tiks noskaidroti labākie spēlētāji, kuri 20. augustā tiksies klātienes finālā Rīgā. 
Čempionāta uzvarētājs iegūs iespēju pārstāvēt Latviju ""Microsoft Excel World Championship"" ceturtdaļfinālā Lasvegasā un cīnīties par daļu no 100 000 ASV dolāru balvu fonda. 
Kā skaidroja rīkotāji, ""Microsoft Excel"" esports ir strauji augoša sacensību disciplīna, kurā dalībnieki ierobežotā laikā risina ""Excel"" izklājlapu datu un loģikas uzdevumus, demonstrējot ātrumu, loģiku un radošu domāšanu. Turnīra formāts mudina labi pazīstamo biroja darba programmatūru ieraudzīt jaunā gaismā, profesionālo modelēšanu pārvēršot aizraujošā skatītāju sportā."
https://www.lsm.lv/raksts/dzive-stils/vide-un-dzivnieki/09.05.2026-kaiju-saucienu-atdarinasanas-sacensibas-pulce-daudzus.a646414/,"Lieli un mazi putnu mīļotāji sestdien, 9. maijā, tikās vēl nebijušā pasākumā – kaiju saucienu atradināšanas sacensībās. Ideja rīkot šādu konkursu radās uzņēmumam ""Getliņi Eko"", un var teikt, ka pirmās sacīkstes aizvadītas skaļi.
Katrs ķērcējs saņem aplausu vētru un asprātīgu ornitologa komentāru. Dalībnieki paši ikdienā sadzīvo ar kaiju balsīm. Tāpēc mācīties atdarināt bijis viegli. 
""Priekš pirmās reizes labi. Eiropas čempionātā bija 70 dalībnieki. Mums 25. (..) Tā mums ir ikdiena, kā pienāk kravas, tā viņām [kaijām] maltīte,"" klāstīja ""Getliņu Eko"" pārstāvis Edgars Butāns.
Pie papildu punktiem tika tie dalībnieki, kuri bija īpaši domājuši arī par savu tērpu. Bet bērniem, kuriem viss notiekošais sagādāja īpašu jautrību, žūrija stingri piekodināja šos saucienus nemēģināt atkārtot mājās."
https://www.lsm.lv/raksts/dzive-stils/veseliba/10.05.2026-latvija-pern-186-saslimusi-ar-ercu-encefalitu-eksperti-aicina-valsti-apmaksat-vakcinaciju-vismaz-visiem-berniem.a646448/,"Pērn Latvijā 186 cilvēkiem konstatēts ērču encefalīts, kas bija par 20 gadījumiem vairāk nekā iepriekšējā gadā. No tiem ap 20 – bērni, vēstīja Slimību profilakses un kontroles centrā (SPKC). Šīs slimības pārnēsātājas – ērces – šogad modās martā. Šajā sezonā Bērnu slimnīcā ar encefalītu saslimuši bērni nav reģistrēti, taču 39 bērniem slimnīcas ārsti noņēmuši ērces. Eksperti uzsver vakcinācijas nozīmi un uzskata – būtu jāmaina kārtība un vakcīnas būtu jāapmaksā vismaz visiem Latvijas bērniem."
https://www.lsm.lv/raksts/zinas/latvija/09.05.2026-latvija-pirmo-reizi-notiek-gulbuvju-namdaru-sacensibas.a646397/,"Latvijā pirmo reizi Bulduru tehnikumā aizvadītas namdaru sacensības, kurās desmit amata pratēji demonstrēja prasmes tradicionālajā guļbūvju būvniecībā. Lai arī nozare saglabā senās amata tradīcijas, paši meistari atzīst – speciālistu kļūst arvien mazāk, un šo arodu šobrīd visbiežāk apgūst, mācoties pie meistara.  
Ar kaltu un motorzāģi desmit dalībnieku uzdevums bija izveidot precīzu baļķu savienojumu, kur vērtēta gan darba kvalitāte un precizitāte, gan amata paņēmieni. 
""Man liekas, ka tas ir viens no vieglākajiem savienojumiem. Es tā uzskatu. Man jau patīk vairāk norvēģu prakses un dzegas. Tie ir tādi foršākie un tie arī liekas smukāki,"" teica konkursa dalībnieks Andrejs Komarovs no Talsiem.
Komarovs šo amatu apguva pirms aptuveni 20 gadiem, kļūstot par zelli pieredzējušam meistaram. ""Gribējās strādāt kaut ko ar koku. Zināju, ka ir vajadzīgi strādnieki, aizgāju un kopā arī likām spāres un mācījāmies. Viņš jau mācēja. Man sanāca diezgan ātri.""
Latvijā specializētu namdaru skolu vairs nav. Šobrīd pieaugušo izglītības iespējas nodrošina Bulduru tehnikums, taču nozarē atzīst – lai kļūtu par īstu meistaru, ar to vien nepietiek."
https://www.lsm.lv/raksts/zinas/ekonomika/09.05.2026-riga-un-tallina-degvielas-cenas-kapj-vilna-samazinas.a646378/,"Pagājušajā darba nedēļā Rīgā un Tallinā degvielas cenas palielinājās, bet Viļņā tās samazinājās, liecina aģentūras LETA apkopotie dati.
Darba nedēļas beigās augstākā benzīna cena bija Tallinā, seko Rīga un Viļņa. Savukārt dīzeļdegviela visdārgākā bija Viļņā, seko Rīga, bet vismazāk dīzeļdegviela darba nedēļas beigās maksāja Tallinā. 
95. markas benzīna cena Rīgā, ""Circle K"" degvielas uzpildes stacijā Krasta ielā, nedēļas laikā palielinājās par 1,7 % un piektdien bija 1,844 eiro par litru, bet dīzeļdegvielas cena kāpa par 1,5 % – līdz 1,984 eiro par litru. 
"
https://www.lsm.lv/raksts/zinas/latvija/06.05.2026-otrdienas-vakara-nicgales-pagasta-dedzis-dizelvilciens-evakuejusies-60-pasazieri.a645822/,"Otrdien, 5. maijā, Augšdaugavas novada Nīcgales pagastā dedzis pasažieru dīzeļvilciens, informēja Valsts ugunsdzēsības un glābšanas dienests (VUGD).
Izsaukumu VUGD saņēma plkst. 21.08. Dedzis vilciena motora nodalījums 10 kvadrātmetru platībā. Pirms VUGD ierašanās no vilciena evakuējās 60 cilvēki. Plkst. 23.45 darbi notikuma vietā noslēdzās."
https://www.lsm.lv/raksts/sports/citi/12.02.2026-sorttrekists-kruzbergs-izcina-rekordaugsto-5-vietu-1000-metru-slidojuma.a634432/,"Milānas–Kortīnas olimpiskajās spēlēs Latviju šorttrekā pārstāv divi sportisti – Roberts Krūzbergs un Reinis Bērziņš. Krūzbergs kļuva par pirmo latvieti, kurš ziemas olimpiskajās spēlēs sasniedzis A finālu, sacensības noslēdzot 5. vietā.
Fināla slidojumu Krūzbergs pieveica vienā minūtē un 24,681 sekundēs, no uzvarētāja atpaliekot tikai 0,144 sekundes."
https://www.lsm.lv/raksts/laika-zinas/laika-zinas/14.02.2026-latviju-parklajis-dzilakais-sniegs-kops-2013-gada.a634635/,"14. februāris, 
Pēc piektdienas sniegputeņa Latviju klāj dziļākā sniega sega kopš 2013. gada pavasara, liecina Latvijas Vides, ģeoloģijas un meteoroloģijas centra (LVĢMC) dati.
Augstākā sniega kārta LVĢMC novērojumu stacijās sestdienas rītā ir 62 centimetri Dagdā. Tik daudz sniega valstī nav bijis kopš 2013. gada aprīļa, kad Alūksnē sniega dziļums sasniedza 70 centimetrus.
Lielākās sniega segas biezuma izmaiņas – par 20 centimetriem – reģistrētas novērojumu stacijā ""Sīļi"" Līvānu novadā, kur sniega kārtas augstums pieaudzis no 38 līdz 58 centimetriem. Otrajā vietā ierindojas Gulbenes meteoroloģiskā stacija, kur sniega dziļums palielinājies par 18 centimetriem – no 28 līdz 46 centimetriem.
Daudzviet valstī sniega sega kļuvusi par vairāk nekā desmit centimetriem biezāka, bet daļā Kurzemes un Vidzemes ziemeļrietumos sniega krājumi nav pieauguši, vēja ietekmē dažās novērojumu stacijās pat reģistrēts neliels sniega segas biezuma samazinājums.
Novērojumu stacijā galvaspilsētas centrā sniega kārtas biezums palielinājies no 16 līdz 25 centimetriem.
Agrā sestdienas rītā sniega biezums novērojumu stacijās bija no pieciem centimetriem Mērsragā un septiņiem centimetriem Kolkā, Daugavgrīvā, Ainažos un Rūjienā līdz 50 centimetriem Daugavpilī, 54 centimetriem Krāslavas novada Piedrujā, 58 centimetriem Līvānu novada Sīļos un 62 centimetriem Dagdā.
40 centimetru robeža pārsniegta arī novērojumu stacijās Gulbenē un Rēzeknē, tā sasniegta Jēkabpilī un Skrīveros.
LVĢMC stacijās sniega segu mēra ultraskaņas sensors speciāli sagatavotā laukumā. Meteoroloģiskās stacijas parasti atrodas atklātā vietā, un novērojumu punktā vējš nereti nopūš sniegu vai dažkārt izveido kupenu, tādēļ vidējais sniega biezums apkārtnē var būtiski atšķirties no tā, kas izmērīts novērojumu stacijā.
Sestdienas rītā Latgales dienvidaustrumos turpina nedaudz snigt, gaisa temperatūra visā valstī ir -9...-14 grādi, pūš mērens ziemeļu, ziemeļaustrumu vējš, kas vietām putina sniegu. Tuvākajās diennaktīs nav gaidāmi būtiski nokrišņi, prognozē sinoptiķi."
https://www.lsm.lv/raksts/kultura/muzika/15.02.2026-jauno-muziku-konkursa-latvijas-jaunais-virtuozs-uzvar-sitaminstrumentaliste-sonja-misina.a634563/,"15. februārī noskaidrots, ka Latvijas Sabiedriskā medija (LSM) konkursa ""Latvijas jaunais virtuozs"" uzvarētāja ir sitaminstrumentāliste Sonja Misiņa, kura pārstāvēs Latviju starptautiskajā konkursā ""Eirovīzijas jaunie mūziķi"" 2026. gada 6. jūnijā Erevānā, Armēnijā. Otrajā vietā ierindojās Jeļena Jasjuļaņeca, savukārt trešo vietu ieguva Pauls Stradiņš, vēsta konkursa rīkotāji. "
https://www.lsm.lv/raksts/kultura/kino-foto-un-tv/15.02.2026-liepaja-sak-filmet-serialu-pedeja-skirsanas.a634689/,"Šajās sniegotajās dienās Liepāja kļuvusi par filmēšanas vietu jaunam Latvijas un Bulgārijas kopražojuma seriālam ""Pēdējā šķiršanās"" (""The Last Divorce of Communism""), kas uzvarēja LTV rīkotajā konkursā. Seriālu veido skatītāju iemīļotās daudzsēriju filmas ""Padomju džinsi"" autori – Staņislavs Tokalovs un Teodora Markova. Iecerēts, ka daudzsēriju filma uz ekrāniem nonāks 2027. gadā. Tikmēr Liepājā līdz 16. februārim dažādās lokācijās turpinās filmēšana."
https://www.lsm.lv/raksts/dzive-stils/motori/16.02.2026-kipsala-noskaidros-latvijas-labako-jauno-automehaniki.a634909/,"19. un 20. februārī Ķīpsalā noskaidros Latvijas labāko jauno automehāniķi. Konkursa ""Jaunais automehāniķis"" Latvijas finālā 12 audzēkņi no sešām tehniskajām skolām divu dienu garumā veiks praktiskus uzdevumus 12 darba stacijās, sacenšoties par iespēju pārstāvēt Latviju starptautiskajā finālā. Sacensības notiks izstādes ""Skola 2026"" ietvaros Ķīpsalas starptautiskajā izstāžu centrā. 
Finālā – jaunieši no visiem Latvijas reģioniem 
Pusfinālā februāra sākumā piedalījās 52 jaunieši no 13 tehniskajām skolām. Finālam kvalificējušies 12 audzēkņi no sešām mācību iestādēm – gan no Rīgas, gan reģioniem.
Konkursa organizatora – uzņēmuma ""Inter Cars Latvija"" – mārketinga nodaļas vadītājs Armands Umbraško norādīja, ka šogad pusfinālā jaunieši uzrādījuši augstāku vidējo zināšanu līmeni nekā iepriekšējos gados, tāpēc finālā gaidāma īpaši spraiga konkurence."
https://www.lsm.lv/raksts/dzive-stils/vide-un-dzivnieki/18.02.2026-rigas-zoologiskaja-darza-izstadits-kuprvala-skelets.a635307/,"Rīgas Zooloģiskajā dārzā atklāts jauns eksponāts – kuprvaļa skelets. Jūras milzis pirms 20 gadiem tika atrasts Vidzemes piekrastē pie Duntes, kad jūra to bija izskalojusi krastā. Toreiz neparastais atradums piesaistīja gan vietējo iedzīvotāju, gan zinātnieku uzmanību. Lai skeletu varētu saglabāt un izstādīt, speciālistiem nācās veikt ilgstošu attīrīšanu, konservēšanu un rūpīgu montāžu. Tagad tas kļuvis par vienu no lielākajiem un iespaidīgākajiem zooloģiskā dārza eksponātiem. 
Kuprvalis tika atrasts 2006. gada jūlijā. Aptuveni desmit metrus garais un desmit tonnas smagais jaunais tēviņš jau bija gājis bojā. Tika pieņemts lēmums dzīvnieku nogādāt Skultes ostā, kur to izcēla krastā, lai Latvijas Biozinātņu un tehnoloģiju universitāte Veterinārmedicīnas fakultātes speciālisti varētu veikt izpēti. 
Veterinārmedicīnas fakultātes dekāns Kaspars Kovaļenko stāstīja, ka pie viņa joprojām atrodas kuprvaļa ribas gabals. Sekcijas laikā tika izmantoti arī elektriskie zāģi, kurus pēc tam noma nevēlējās pieņemt atpakaļ, un vaļa smarža Jelgavā saglabājās vairākus mēnešus. 
Sekcijā atklājās, ka kuprvalim bija smagi sadragāti galvaskausa kauli, kas, visticamāk, radušies sadursmē ar kuģi. 
Lai skeletu sagatavotu ekspozīcijai, tika veikts ilgstošs sagatavošanas darbs – kauli vairākus mēnešus tika mērcēti, attīrīti un mazgāti, līdz tie kļuva piemēroti konservēšanai un montāžai. Zooloģiskā dārza valdes priekšsēdētājs Jānis Rudzītis norādīja, ka izaicinājumu netrūka un Baltijā šāds eksponāts ir vienīgais."
https://www.lsm.lv/raksts/zinas/latvija/19.02.2026-jauniesa-vecuma-slieksni-palielina-lidz-30-gadiem.a635458/,"Par jauniešiem likuma izpratnē turpmāk plānots uzskatīt personas vecumā līdz 30 gadiem, paredz ceturtdien, 19. februārī, Saeimā pieņemtie grozījumi Jaunatnes likumā. Līdz šim likumā bija noteikts, ka jaunietis ir persona vecumā no 13 līdz 25 gadiem.
Vecuma sliekšņa paaugstināšana ļaus plašākam jauniešu lokam saņemt valsts un pašvaldību atbalstu, piedalīties jaunatnes programmās un līdzdalības procesos, kā arī labāk pielāgot jaunatnes politiku mūsdienu sociālajai un ekonomiskajai realitātei, kurā izglītības iegūšana, ienākšana darba tirgū un patstāvīgas dzīves uzsākšana nereti notiek vēlāk nekā iepriekš.
Grozījumi arī precizē Izglītības un zinātnes ministrijas un pašvaldību kompetenci jaunatnes politikas jomā, kā arī nostiprina Jaunatnes starptautisko programmu aģentūras funkcijas jaunatnes politikas īstenošanā.
Likumā stiprināts arī nacionālais jaunatnes dialogs – konsultatīvs process, kura mērķis ir veicināt jauniešu līdzdalību un noskaidrot jauniešu viedokli par tādiem lēmumiem, tiesību aktiem un nacionāla līmeņa plānošanas dokumentiem, kuri var ietekmēt jauniešus un jaunatnes politiku valsts līmenī."
https://www.lsm.lv/raksts/dzive-stils/vide-un-dzivnieki/23.02.2026-rigas-zoodarzs-izzino-fantastiska-piecnieka-jeb-kapibaru-mazulu-vardus.a636008/,"Par ""fantastisko piecnieku"" sauktajiem kapibaru mazuļiem Rīgas zooloģiskajā dārzā izraudzīti vārdi – Andu, Frīda, Straume, Tamis un Maksimuss Otto.
Zoodārza pārstāvji atzina, ka vārdu izvēle bija visai grūta, jo no sabiedrības tika saņemti daudz radošu un sirsnīgu ieteikumu. 
Kapibaras kuplo ģimenes pieaugumu zoodārzā piedzīvoja pagājušā gada rudenī. 
Visi pieci mazuļi ir veseli un enerģiski, un tie dzīvo kopā ar trim pieaugušajām kapibarām – Oskaru, Tindru un Trusi. 
Kā skaidroja zoodārza pārstāvji, dzīvnieki veiksmīgi aug un arvien vairāk iepazīst apkārtējo vidi. Jāatgādina, ka kapibaras visu diennakti ir iespējams vērot arī tiešraidē, izņemot brīdi, kad tiek sakopta dzīvnieku mītne.
KONTEKSTS: 
2025. gada septembrī Rīgas Nacionālajā zooloģiskajā dārzā mītošajām kapibarām dzima mazulis, kuram tikai dažas nedēļas vēlāk pievienojās vēl četri. Nepilna mēneša laikā zoodārzā mītošo kapibaru skaits pieauga no trīs līdz astoņām."
https://www.lsm.lv/raksts/zinas/arzemes/24.02.2026-luvras-direktore-vairakus-menesus-pec-pardrosas-zadzibas-muzeja-atkapjas-no-amata.a636232/,"Pēc pagājušā gada oktobrī notikušās pārdrošās zādzības, kuras laikā tika nolaupītas Francijas kroņa dārglietas 88 miljonu eiro vērtībā, otrdien no amata atkāpusies Parīzes Luvras muzeja direktore. 
Elizejas pils apstiprinājusi, ka Loransa de Kāra iesniegusi atlūgumu un ka prezidents Emanuels Makrons to pieņēmis. 
19. oktobrī maskās tērpti noziedznieki gaišā dienas laikā ielauzās Luvrā un nozaga deviņus eksponātus no imperatoru kolekcijas, tajā skaitā Napoleonam un viņa sievai Žozefīnei piederošas rotaslietas. 
Zādzība ilga vien pāris minūtes, un zagļiem izdevās aizbēgt ar astoņiem priekšmetiem, kuru kopējā vērtība aplēsta uz 88 miljoniem eiro, bet to kultūrvēsturiskā nozīme ir nenovērtējama. 
Šī pārdrošā zādzība šokēja visu Franciju un pasauli un aktualizēja jautājumus par drošību muzejos. 
Visi četri zagļi ir aizturēti, bet nozagtās dārglietas tā arī nav atrastas. "
https://www.lsm.lv/raksts/zinas/latvija/27.02.2026-marta-un-aprili-zivju-narsta-del-aizliegts-makskeret-no-laivam-kanalos-un-caurteces.a636720/,"Valsts vides dienests (VVD) atgādina, ka no 1. marta līdz 30. aprīlim, saistībā ar zivju nārstu, ir aizliegta jebkura veida makšķerēšana no laivām un citiem peldošiem transportlīdzekļiem visos Latvijas teritorijā esošajos ūdeņos, izņemot Baltijas jūru un Rīgas līci, kā arī noteiktos kanālos un caurtecēs. Turklāt lomā aizliegts paturēt līdakas un salates.
Šajā periodā arī aizliegts izmantot ēsmai zivis jebkuros ūdeņos, izņemot Baltijas jūras un Rīgas līča ūdeņus. Tomēr jāņem vērā, ka daudzviet ūdeņi joprojām klāti ar bieza ledus kārtu, tāpēc šobrīd makšķerēšana no laivām praktiski nav iespējama. Makšķerēšana lieguma laikā ir būtisks pārkāpums un apdraud zivju resursu dabisko atražošanos.
"
https://www.lsm.lv/raksts/kultura/muzika/05.03.2026-sadalitas-gamma-balvas-par-izcilakajiem-veikumiem-latvijas-muzika-visvairak-balvu-finkim.a637637/,"Ceturtdien, 5. martā, ""Xiaomi"" arēnā Rīgā svinīgā ceremonijā, godinot izcilākos 2025. gada sasniegumus Latvijas mūzikā, noskaidroti mūzikas nozares balvas GAMMA (Gada augstākais mūsdienu mūzikas apbalvojums) laureāti 31 kategorijā. Šī gada ceremonijā visvairāk balvu saņēmis Fiņķis. 
GAMMA balvu kategorijā ""Gada medijs/mediju radīts saturs"" ieguva Latvijas Radio 5, LSM, savukārt kategorijā ""Gada satura veidotājs (foto/video/teksts)"" balvu ieguva LSM.lv autore Aiga Leitholde.
GAMMA balva godina gan māksliniekus, gan nozares profesionāļus, kuri ar savu darbu veidojuši un attīstījuši Latvijas mūziku. Balva apvieno nozares datus un plašas mākslinieku, autoru, nozares profesionāļu un mūzikas melomānu žūrijas vērtējumu, lai izceltu nozīmīgāko un paveikto 2025. gada garumā."
https://www.lsm.lv/raksts/kultura/muzika/06.03.2026-pasniegtas-lielas-muzikas-balvas-2025-gada-jaunais-makslinieks-eduards-rediko.a637697/,"Vidzemes koncertzālē ""Cēsis"" 6. martā krāšņā ceremonijā pasniegtas Lielās mūzikas balvas septiņās kategorijās. Par mūža ieguldījumu godināti komponists Georgs Pelēcis un ērģelniece Larisa Bulava. 
""Lielā mūzikas balva ir pateicība nozares izcilniekiem par viņu nemainīgi augstvērtīgo sniegumu ne vien pašu mājās, bet arī nesot Latvijas vārdu pasaulē. Vienlaikus, rīkojot Lielās mūzikas balvas pasniegšanu ārpus Rīgas,

vēlamies akcentēt, ka Latvija ir izcils piemērs arī tam, ka, pateicoties valsts atbalstam, daudzveidīgi un kvalitatīvi kultūras notikumi ir pieejami iedzīvotājiem visos Latvijas reģionos,""
balvas nominantu izziņošanas preses konferencē uzsvēra kultūras ministre Agnese Lāce (""Progresīvie"")."
https://www.lsm.lv/raksts/zinas/ekonomika/07.03.2026-skolenu-izgudrojumi-parsteidz-tirdzina-cits-bazars-apmekletajus.a637875/,"Kriptovalūtas ražotājs, kas ar saražoto siltumu apsilda māju; plastmasas pārstrādes iekārta; arī zivju mānekļi ar LED gaismām. Skolēnu biznesa idejām nav robežu, un liela daļa Latvijas jauno talantu tās ir spējusi materializēt un piedāvāt skolēnu uzņēmumu tirdziņā ""Cits bazārs"".
Tieši šobrīd Latvijā ir rekordliels mācību uzņēmumu skaits – 1900. No tiem dalībai tirdziņā ""Cits bazārs"" pieteicās gandrīz 500, bet 270 dota iespēja demonstrēt izgudrojumus."
https://www.lsm.lv/raksts/zinas/latvija/09.03.2026-skatitakais-televizijas-kanals-februari-ltv1-popularakas-parraides-olimpiskas-hokeja-speles-un-supernova.a638105/,"Konsolidētās televīzijas skatītākais kanāls februārī bija LTV1, kuram veltīti 12,8 % no kopējā televīzijas skatīšanās laika, savukārt populārākās pārraides bija Latvijas vīriešu hokeja izlases spēles olimpiādē, ko pārraidīja LTV7.
Otrs skatītākais televīzijas kanāls februārī bija LTV7, kura skatīšanās laika daļa bija 11,8 %. Trešais skatītākais kanāls bija TV3 ar skatīšanās laika daļu 9,6 %.
Skatītāko programmu topa pirmajā vietā ierindojās ""Ziemas olimpiskās spēles Milānā–Kortīnā. Hokejs. Latvija – Dānija"" kanālā LTV7, kuru vēroja vidēji 16,3 % jeb 263 200 Latvijas iedzīvotāju vecumā no četriem gadiem. Otra skatītākā programma februārī bija ""Ziemas olimpiskās spēles Milānā–Kortīnā. Hokejs. Latvija – ASV"" kanālā LTV7, kuru vēroja vidēji 12,1 % jeb 194 900 Latvijas iedzīvotāju. Trešā skatītākā programma bija Ziemas olimpisko spēļu atklāšanas ceremonija kanālā LTV1, kuru savos mājas televīzijas ekrānos vēroja vidēji 10,5 % jeb 169 200 Latvijas iedzīvotāju.
Olimpisko spēļu norisēm populārāko programmu topā seko dziesmu konkursa ""Supernova"" fināls LTV1, ko skatījās vidēji 9 % Latvijas iedzīvotāju."
https://www.lsm.lv/raksts/zinas/latvija/11.03.2026-latvijas-pasta-pakomatos-ievies-identitates-parbaudi-drosai-sutijumu-sanemsanai.a638417/,"""Latvijas Pasts"" savā pakomātu tīklā ieviesis jaunu pakalpojumu – personas identifikāciju pie pakomāta. Tas paredz iespēju adresātam izņemt personalizētu sūtījumu, apliecinot identitāti ar ""Smart-ID"" vai ""eParakstu"".
Uzņēmumā norādīja, ka jaunā funkcija ļaus adresātiem saņemt individuāli adresētu sūtījumu sev ērtā laikā un vietā. Personas identifikācija ar ""Smart-ID"" vai ""eParakstu"" kalpo kā dokumentu pārbaude, ļaujot pakomātu tīklu izmantot arī paaugstinātas drošības sūtījumiem, piemēram, telekomunikācijas vai finanšu nozarē, farmācijā un veselības aprūpē.
Tādējādi caur pakomātiem varēs nodrošināt, piemēram, recepšu medikamentu izsniegšanu, ievērojot normatīvās prasības un nodrošinot ērtu piekļuvi pakomātu pakalpojumam ārpus ierastā darba laika.
Uzņēmumā skaidroja, ka risinājums ir pieejams visiem biznesa klientiem, kas noslēguši vienošanos par tā izmantošanu. Sūtītājam ir jānorāda adresāta personas kods, kas sistēmā tiek šifrēts un vēlāk droši izmantots identifikācijas procesā. Sūtījumu pakomātā iespējams saņemt, tikai autorizējoties ar ""Smart-ID"" vai ""eParakstu"".
Šobrīd Latvijā ir 440 Latvijas Pasta pakomātu. No tiem 66 atrodas iekštelpās, bet 374 ir ārtelpu pakomāti."
https://www.lsm.lv/raksts/dzive-stils/vide-un-dzivnieki/12.03.2026-juras-erglu-ligzda-durbe-izdeta-pirma-ola.a638631/,"Jūras ērgļu ligzdā Durbē, kurā notiekošo Latvijas Dabas fonds (LDF) translē videotiešraidē, 12. marta pēcpusdienā izdēta šīs sezonas pirmā ola.
Ligzdā saimnieko jūras ērgļu pāris – mātīte Milda un tēviņš Zorro. Notikumu tiešraidē var vērot dabas vērotāji un putnu entuziasti, kuri ik pavasari seko līdzi jūras ērgļu ligzdošanai. Durbes ligzda jau gadiem ir viena no populārākajām dabas tiešraidēm Latvijā. 
Pirmā ola ligzdā parasti ir nozīmīgs signāls, ka ligzdošanas sezona ir sākusies. Jūras ērgļi parasti izdēj vienu līdz trīs olas, un nākamo olu var sagaidīt pēc dažām dienām. Perēšanā iesaistās abi putni – mātīte lielāko daļu laika pavada ligzdā, bet tēviņš gādā par barību un palīdz sildīt olas. 
Ja ligzdošanas sezona noritēs veiksmīgi, tad aptuveni pēc mēneša no olas varētu izšķilties cālis. Līdz tam galvenais uzdevums Mildai un Zorro būs rūpīgi sildīt olu un sargāt ligzdu no iespējamiem apdraudējumiem. "
https://www.lsm.lv/raksts/zinas/latvija/13.03.2026-putnu-aizsardzibai-no-15-marta-aizliegta-mezizstrade-ipasi-aizsargajamas-dabas-teritorijas.a638770/,"No 15. marta līdz 31. jūlijam īpaši aizsargājamās dabas teritorijās (ĪADT) visā Latvijā būs spēkā mežsaimnieciskās darbības aizliegums. Šis ierobežojums noteikts, lai nodrošinātu putniem netraucētu ligzdošanas laiku, jo tieši šajā periodā mazuļi ir visneaizsargātākie, informēja Dabas aizsardzības pārvalde (DAP).
""Tehniskais troksnis biedē ligzdojošos putnus, liekot tiem pamest ligzdas, kā rezultātā olas atdziest vai mazuļi aiziet bojā. Tieša koku ciršana var fiziski iznīcināt ligzdas, kā arī perējumus, jo mazuļi briesmu gadījumā vēl nav spējīgi aizbēgt,"" tā šo aizliegumu skaidrojusi DAP Pierīgas reģionālās administrācijas Dabas aizsardzības daļas vecākā eksperte Elīna Immure.
Lieguma laikā īpaši aizsargājamās dabas teritorijās atļauti tikai meža ugunsdrošības un ugunsdzēsības pasākumi, tāpat ļauts zāģēt un novākt bīstamos kokus, kas apdraud cilvēku drošību vai infrastruktūru. Kokmateriālu izvešana ir pieļaujama vienīgi izņēmuma gadījumos augsnes sasaluma apstākļos, ja saņemta rakstiska pārvaldes atļauja.
Par noteikumu pārkāpšanu paredzēti naudas sodi – fiziskām personām no 30 līdz 1000 eiro, bet juridiskām personām tie var sasniegt pat 2 400 eiro. Lai gan obligātais liegums attiecas uz valsts īpaši aizsargājamajām dabas teritorijām, DAP aicina ikvienu meža īpašnieku būt atbildīgam un pārtraukt saimniecisko darbību savos īpašumos līdz pat augustam,
tādējādi saudzējot dabu arī ārpus aizsargājamām zonām."
https://www.lsm.lv/raksts/zinas/latvija/16.03.2026-zenam-no-latvijas-ar-retu-genetisku-slimibu-kauna-veic-unikalu-operaciju-smadzenes-ievieto-elektrodus.a639126/,"Pateicoties Lietuvas Veselības zinātņu universitātes slimnīcas Kauņas klīnikas neiroķirurgiem un Latvijas Bērnu slimnīcas fonda atbalstam, desmitgadīgais Renārs Bricis no Jelgavas novada atkal bauda bērnību. Vēl pavisam nesen zēns cieta no retas ģenētiskas slimības, kuras dēļ viņam bija grūtības kontrolēt labās rokas un kājas kustības. Lietuvā viņam veikta Baltijā unikāla un ļoti sarežģīta smadzeņu operācija, kas ļauj dzīvot pilnvērtīgi un nodarboties arī ar sportu.  
Desmitgadīgajam Renāram Bricim lietainā dienā patīk ar tēti spēlēt ""UNO"" kārtis. Renārs piedzima vesels. Veselības problēmas par sevi lika manīt vien krietni vēlāk.
""Aptuveni piecu gadu vecumā pirmais, ko es pamanīju, spēlējot bumbu ķeršanas spēli, ka viņš rokas tur nevis šādi, kā visi mēs to darām gatavojoties kaut ko ķert, bet labā roka un elkonis iet uz augšu. Papildus tam mēs sākām pamanīt, ka tad, kad viņš skrien, viņš izvirza kreiso plecu uz priekšu un skrien tā kā ar sānu,"" stāstīja zēna mamma Zane Brice."
https://www.lsm.lv/raksts/kultura/kulturtelpa/16.03.2026-kulturas-ministrija-izsludina-atklatu-konkursu-uz-memorialo-muzeju-apvienibas-direktora-amatu.a639073/,"Kultūras ministrija (KM) 16. martā izsludinājusi atklātu konkursu uz Memoriālo muzeju apvienības (MMA) direktora amatu. Interesenti pieteikumus aicināti KM iesūtīt līdz 14. aprīlim, informēja ministrija.
Ilggadējā MMA direktore Rita Meinerte, kura vadījusi muzeju apvienību kopš tās izveides 2009. gadā, darījusi KM zināmu, ka pēc šobrīd spēkā esošā darba līguma beigām aprīlī vēlas noslēgt savas darba gaitas MMA.
MMA direktora galvenie darba pienākumi ir plānot, vadīt un koordinēt Memoriālo muzeju apvienības darbu, nodrošinot tās mērķu, uzdevumu un funkciju izpildi – muzeja krājuma, pētnieciskā un komunikācijas darba koordinētu īstenošanu, muzeja darbības un attīstības stratēģijas izstrādi un aktualizēšanu, kā arī plānot, koordinēt un kontrolēt šo funkciju īstenošanu, Muzeja likuma un citu muzeju darbību reglamentējošo normatīvo aktu ievērošanu un intelektuālo resursu, cilvēkresursu, finanšu un materiālo līdzekļu racionālu izmantošanu.
"
https://www.lsm.lv/raksts/zinas/latvija/17.03.2026-riga-dzimuso-trinisu-gimene-sanems-vienreizeju-15-000-eiro-valsts-pabalstu.a639259/,"Labklājības ministrija no līdzekļiem neparedzētiem gadījumiem šogad Rīgā dzimušo trīnīšu ģimenei izmaksās vienreizēju 15 000 eiro sociālo pabalstu. To otrdien sēdē atbalstīja valdība. Vienreizējais sociālais pabalsts ir paredzēts kā materiālais atbalsts ģimenei, ņemot vērā, ka trīs bērnu vienlaicīga piedzimšana un kopšana prasa ievērojami lielākus papildu resursus, norādīja Labklājības ministrija."
https://www.lsm.lv/raksts/zinas/ekonomika/19.03.2026-no-senes-lidz-kapsulai-cesu-laboratorija-top-funkcionalie-ekstrakti.a639205/,"Funkcionālās sēnes pasaulē piedzīvo popularitātes vilni – tās izmanto enerģijai, koncentrēšanās spējai un imunitātes stiprināšanai. Latvijā šajā nišā strādā arī uzņēmums ""Spora Lab"", kura laboratorijā Cēsīs audzē medicīniskās sēnes un no tām ražo uztura bagātinātājus. Tas, kas sākās kā eksperiments mājas laboratorijā, dažu gadu laikā izaudzis par inovatīvu uzņēmumu ar saviem produktiem, abonēšanas modeli un pieaugošu pieprasījumu. "
https://www.lsm.lv/raksts/kultura/izklaide/19.03.2026-liepajas-401-dzimsanas-dienu-svin-ar-gaismas-instalacijam-par-dabas-temu.a639625/,"Liepāja svin savu 401. dzimšanas dienu, un jau tradicionāli marta vakaros pilsētas ielas pārvēršas pastaigu maršrutā ""Izgaismotā Liepāja"". Šogad mākslinieki caur gaismas instalācijām aktualizē tēmu ""apzinātā mērenība"", aicinot ne vien baudīt vizuālo krāšņumu, bet arī domāt par dabas resursu saglabāšanu. 
Līdz ar krēslas iestāšanos Liepājas centrs piepildās ar cilvēku pūļiem. Četrus vakarus pilsētvide piedāvā ieraudzīt ierastos maršrutus citā gaismā. 
Kopš Liepāja ir ieguvusi Eiropas kultūras galvaspilsētas titulu, katrs lielais pasākums tiek veltīts kādai no tās tematiskajām līnijām. 2026. gadā tas ir aicinājums izvērtēt mūsu ietekmi uz dabu, īpaši akcentējot jūras nozīmi. 
"
https://www.lsm.lv/raksts/zinas/latvija/20.03.2026-liepajas-sabiedriskaja-transporta-pilniba-pariet-uz-elektroniskajam-biletem.a639797/,"Liepājā sabiedriskajā transportā noslēdzies vesels laikmets – noņemti pēdējie vecā tipa biļešu kompostieri un pilsēta pilnībā pārgājusi uz mūsdienīgu e-biļešu sistēmu. Pāreja prasījusi gandrīz divus gadus, ieguldīti vairāk nekā 300 000 eiro. 
""Process uzsākās 2024. gada 23. oktobrī, tas bija ilgs. Ir pasažieru grupas, kuras ir ļoti ieguvējas – valsts atvieglojumu saņēmēji, kuriem vairs nav jāiet pie transportlīdzekļa vadītāja, jāuzrāda apliecība,"" elektronisko biļešu sistēmas ieguvumus uzskaitīja aģentūras ""Liepājas sabiedriskais transports"" direktora vietnieks Toms Malkevičs."
https://www.lsm.lv/raksts/dzive-stils/vide-un-dzivnieki/23.03.2026-vidzemes-restorani-par-teju-tresdalu-samazina-partikas-atkritumus.a640071/,"Pēc vairāku mēnešu testēšanas pieci restorāni Vidzemē ieviesuši dažādas pārmaiņas, lai samazinātu ēdiena atkritumu daudzumu. Piemēram, pārskatītas ēdienkartes, ieviesti mazāki šķīvji un izmēģinātas citas prakses. Piecu mēnešu laikā apkopotā statistika liecina, ka pārtikas atkritumus izdevies samazināt vismaz par 30 %. 
""Nosveram vakardienas saražoto maizīti, ko nepārdevām un tad ievadam sistēmā pie nepārdotā ēdiena – 350 gramus."" 
Kafejnīcas ""Misters Biskvīts"" saimniece Inese Hincenberga demonstrēja, kā šobrīd kontrolē ēdiena pārpalikumus virtuvē. Arī šis uzņēmums deviņus mēnešus piedalījās programmā, kurā ar digitālu rīku testēja savas kafejnīcas paradumus pārtikas izmantošanā.  
""Mēs secinājām, ka izmetam ļoti daudz kilogramu ēdiena, un, parēķinot to naudas izteiksmē, tā bija diezgan iespaidīga summa. Mēs dienā aprīlī (2025. gads) izmetām 2,2 kg, bet vēlāk to samazinājām. Novembrī tie jau bija 1,5 kilogrami. Naudas izteiksmē tie bija 350 eiro, un samazinājums sasniedza 240 eiro,"" skaidroja Hincenberga."
https://www.lsm.lv/raksts/dzive-stils/vide-un-dzivnieki/23.03.2026-rigas-zoologiskaja-darza-piedzimis-kamielu-mazulis.a640090/,"Mazulīte piedzima pirms 9 dienām, sverot 37 kilogramus. Viņa jau uzreiz spēja nostāties uz kājām un sekoja savai mātei Leilai, kura par viņu rūpējas un baro ar pienu. 
Kamieļi ar mātes pienu barojas līdz pusotra gada vecumam, bet kopā ar māti dzīvo pat līdz 3–5 gadu vecumam. Šobrīd mamma ar mazuli mitinās atsevišķi no pārējās saimes, lai nodrošinātu mierīgu un drošu vidi. 
Līdz ar jaunpienācēju Rīgas zoodārzā tagad ir piecu kamieļu saime. 
Mazulītes mamma Leila nesen nosvinēja savu 15. dzimšanas dienu, un šis ir viņas otrais mazulis. Pirmais – kamielēns Bronza – tika nosaukts par godu Latvijas hokeja izlases vēsturiskajai uzvarai 2023. gada pasaules čempionātā. Toreiz komanda kļuva arī par mazā kamieļa krustvecākiem."
https://www.lsm.lv/raksts/zinas/latvija/26.03.2026-godina-aizvadita-gada-labakos-arstus.a640615/,"Kinoteātrī ""Splendid Palace"" ceturtdien, 26. martā, Latvijas Ārstu biedrības ""Gada balvas"" pasniegšanas ceremonijā par īpašiem sasniegumiem godināti gan kolēģi, kuri medicīnai atdevuši visu mūžu, gan jaunie ārsti, kuru profesionālais ceļš tikko sācies.  
Gada jaunais ārsts ir Emīls Šmitiņš. Kolēģu raksturojumā – enerģisks, zinošs un mērķtiecīgs jaunais ārsts, kurš ar lielu degsmi attīsta bērnu kardioloģiju Latvijā, ieviešot jaunas metodes un inovācijas. 
Balvu par mūža ieguldījumu medicīnā saņēma divi ārsti – traumatologs, ortopēds, viens no medicīniskās un ortopēdiskās biomehānikas pamatlicējiem Latvijā Haralds Jansons un Rīgas Stradiņa slimnīcas Aroda un radiācijas medicīnas centra ilggadējā vadītāja Maija Eglīte. 
Savukārt balva ""Gada cilvēks medicīnā 2025"" piešķirta gastroenterologam, profesoram Mārcim Lejam.  
Latvijas Ārstu biedrības rīkotā ""Gada balvas"" ceremonija šogad notiek jau 16. reizi. Šis ir arī viens no retajiem brīžiem, kad kolēģi no visas Latvijas cenšas nedomāt par grūtībām, bet izbauda  satikšanās prieku."
https://www.lsm.lv/raksts/zinas/latvija/26.03.2026-lietuva-razotos-cisinos-konstatets-paaugstinats-listeriju-daudzums.a640577/,"Pārtikas un veterinārais dienests (PVD) Lietuvā ražotos vārītos brokastu cīsiņos 600 g iepakojumā konstatējis pārsniegtu pieļaujamo listēriju daudzumu, informēja dienestā.
Pārsniegts pieļaujamo listēriju daudzums konstatēts Lietuvas ražotāja ""UAB Krekenavos agrofirma"" produkcijā. Tās partijas numurs ir GM260484756836, bet derīguma termiņš – šā gada 28. aprīlis.
Kā norādīja PVD, listērijas ir mikroorganismi, kas izraisa akūtu infekcijas slimību listeriozi.
Paraugs ņemts pārtikas veikalā ""Mere"" (A. Deglava ielā 46, Rīgā), kur produkts vairs nav pieejams tirdzniecībā.
"
https://www.lsm.lv/raksts/dzive-stils/vide-un-dzivnieki/27.03.2026-kipsala-aizvadits-festivals-skoleniem-klimata-dienas.a640792/,"Piektdien, 27. martā, Rīgas Tehniskās universitātes telpās Ķīpsalā notika ""Klimata dienas"" – festivāls skolēniem, kura laikā jauniešiem mācīja šķirot atkritumus, rūpēties par dabu un stāstīja par klimata pārmaiņu izaicinājumiem. Noslēgumā tika apbalvotas Rīgas skolu skolēnu komandas, kuras uzvarēja konkursā par labākajiem energoefektivitātes risinājumiem, kā arī izstrādāja produktus no otrreiz izmantojamiem materiāliem. 
Klimata dienas Rīgas izglītības iestādēs notiek jau otro gadu. To galvenais mērķis ir veicināt skolēnu interesi un uzlabot viņu zināšanas par vides un klimata jautājumiem, kā arī popularizēt videi draudzīgu dzīvesveidu skolās un sabiedrībā. To visu māca, piedāvājot skolēniem iesaistīties radošajās aktivitātēs. 
Šogad tās bija veltītas divām tēmām – atkritumu mazināšanai un energoefektivitātes veicināšanai izglītības iestādēs. Kopš novembra skolēniem bija laiks sagatavoties dalībai konkursā. Šajā laikā bija jāizveido video par energoefektivitātes pasākumiem skolā un jārada kāds produkts no otrreiz izmantojamiem materiāliem. Skolotāja Sanita Ceipe no Rīgas Kultūru vidusskolas stāstīja, ka skolēni labprāt apgūst klimata un vides jomu caur radošām izpausmēm."
https://www.lsm.lv/raksts/zinas/latvija/28.03.2026-kuldigas-novada-atjaunota-padures-muizas-klets.a640876/,"Pavisam drīz pēc trīs gadu pauzes Kuldīgas novadā esošā Padures muižas klēts atkal būs atvērta apmeklētājiem. Šobrīd tiek tīrītas telpas un iekārtoti atpakaļ ekspozīcijas priekšmeti. Klēts bija kļuvusi par Padures pagasta kultūrvēstures sirdi, te notika lielākie pasākumi, bet apcirkņi glabāja dažādas senas lietas. Tomēr 300 gadu senās būves konstrukcijas bija padevušās laika zobam, tāpēc tās nācās stiprināt.
Padures muižas trīsstāvu mūra klēts ar dakstiņu jumtu ir celta 18. gadsimtā. Līdz mūsdienām tā ir Latvijā vienīgā saglabājusies tāda stila celtne, tāpēc ir valsts nozīmes kultūras piemineklis. Pirms trim gadiem pēc tehniskā apsekojuma konstatēti nopietni siju bojājumi, tāpēc klēts apmeklētājiem tika slēgta. Konstrukciju atjaunošanu nedaudz iekavējis tas, ka procesā atklājies vairāk darāmā, nekā sākotnēji aplēsts.  
""Visticamāk, tas ir mitrums. Koksnes iekšpuse satrupē, jo šeit nav apsildāmu telpu, bet tomēr ir siltāks nekā ārā. Koks kļūst mitrs. Ārējā daļa, ārējā garoza – apmēram piecus centimetrus – izžūst. Vizuāli izskatās ļoti labi, bet reāli iekšpusē viss ir sastrupējis un beigts. Vizuāli to nevar nekādi pateikt,"" stāstīja SIA ""JMK būve"" valdes loceklis, būvdarbu vadītājs Jānis Gailāns."
https://www.lsm.lv/raksts/zinas/latvija/29.03.2026-bebrenes-muizas-vesturiskais-pagrabs-atdzims-ka-jauna-sabiedriska-telpa.a640858/,"19. gadsimta Bebrenes muižā, kas atrodas netālu no Daugavpils, tiks veidota jauna sabiedriskā telpa. Pašvaldība cer, ka pēc renovācijas muiža kļūs par tikšanās vietu kā vietējiem iedzīvotājiem, tā tūristiem, piedāvājot vēsturiskajā pagrabā un pazemes ejā rīkot pasākumus un izstādes.
Bebrene ir neliels ciems un nozīmīga kultūrvēsturiska vieta Augšdaugavas novadā. Senās muižas pils komplekss savulaik bijis grāfu Plāteru-Zībergu īpašums. Muižas ansamblis ar dzīvojamo ēku, saimniecības ēkām, parku, pagrabiem un daļēji saglabājušos pazemes eju ir arī interesants apskates objekts. Tagad vietējā pašvaldība ir pieņēmusi lēmumu atjaunot muižas pazemes daļu.

"
https://www.lsm.lv/raksts/zinas/arzemes/29.03.2026-eiropa-pirms-lieldienam-nozagta-apjomiga-kitkat-sokolades-tafelisu-krava.a640891/,"Eiropā pirms Lieldienām nozagta milzīga Šveices pārtikas giganta ""Nestle"" kraukšķīgo ""KitKat"" šokolādes tāfelīšu krava, paziņojis uzņēmums, brīdinot, ka laupīšanas rezultātā veikalos tieši pirms Lieldienām varētu rasties šokolādes tāfelīšu deficīts.
Kompānija neminēja, kur tieši preces pazudušas, bet norādīja, ka transportlīdzeklis un tā saturs joprojām nav atrasts. Pazudušās šokolādes tāfelītes varētu nonākt neoficiālos tirdzniecības kanālos visā Eiropas tirgū, pieļāva uzņēmums.
Uzņēmums medijiem nedēļas nogalē apstiprinājis, ka kravas automašīna, kas pārvadāja teju 414 000 šokolādes batoniņu vienības, nozagta tranzīta laikā Eiropā. Krava, kas svēra aptuveni 12 tonnas, pagājušajā nedēļā pazuda, kad to pārvietoja starp ražošanas un izplatīšanas vietām.
Nozagtā kravas automašīna izbrauca no Itālijas centrālās daļas un devās uz Poliju. Šokolādes tāfelītes bija plānots izplatīt valstīs, kas atrodas pa ceļam šajā maršrutā."
https://www.lsm.lv/raksts/zinas/latvija/30.03.2026-pec-lieldienam-saksies-verieniga-latvijas-onkologijas-centra-parbuve.a641110/,"Vērienīgi pārbūves darbi nākamnedēļ sāksies Austrumu slimnīcas stacionāra Latvijas Onkoloģijas centrā (LOC). Operāciju zālēs remonts nav bijis kopš centra uzcelšanas – 42 gadus. Pēc pacientu pārcelšanas uz klīniku ""Gaiļezers"" palātās kļuvis saspiestāk. Taču tas darīts, lai nebūtu jāsamazina vēža operāciju skaits. Tāpat ārsti vērtē, ka pēcoperāciju posmā pacientiem būs mazāk komplikāciju un infekciju – vecajās telpās iznīdēt baktērijas nebija iespējams. "
https://www.lsm.lv/raksts/zinas/ekonomika/30.03.2026-zemgale-toposaja-zirnu-proteina-rupnica-uzstada-iekartas.a641103/,"Zemgalē top viens no pēdējo gadu lielākajiem investīciju projektiem Latvijas pārtikas nozarē – zirņu proteīna rūpnīca. Zirņu proteīna produkti patlaban ir pieprasīti visā pasaulē, tāpēc tiek lēsts, ka ražotne dos būtisku pienesumu eksportam un pavērs jaunas iespējas vietējiem lauksaimniekiem. Topošajā rūpnīcā Jelgavā pašlaik tiek uzstādītas iekārtas. 
Zirņu proteīna ražošana ir viens no straujāk augošajiem segmentiem pasaules pārtikas industrijā, kur arvien lielāku lomu ieņem augu izcelsmes produkti. Latvijā šajā nišā top rūpnīca, kas no Latvijā audzētiem zirņiem iegūs vairākus augstas pievienotās vērtības produktus: proteīna izolātu, šķiedras un cieti. 
""Kopējās ražotnes jaudas rūpnīcai plānotas 70 tūkstoši tonnu zirņu gadā, un šis ir cehs, kurā notiks sausā apstrāde, samalšana, sašķirošana un sijāšana, un novešana līdz tam, lai mēs tālāk jau varam aiziet nākamajos procesos, kas ir mitrā, pēc tam ir žāvēšana,"" skaidroja SIA ""ASNS Ingredient"" valdes loceklis Edgars Ruža. 
Projektam piesaistīts arī ievērojams finansējums – aizdevums no ""Attīstības finanšu institūcijas ""Altum"""", kā arī komercbanku līdzfinansējums. Rūpnīcas būvniecību sāka pērnā gada sākumā, un šobrīd tā tuvojas noslēgumam. Vienlaikus tiek uzstādītas ražošanas iekārtas, kuru testēšana sāksies rudenī, bet ražošanas process jaunajā gadā. "
https://www.lsm.lv/raksts/zinas/latvija/31.03.2026-riga-modernizetas-ugunsdzeseju-telpas.a641270/,"Ar ASV atbalstu Rīgā atjaunotas Valsts ugunsdzēsības un glābšanas dienesta (VUGD) telpas. Tas ir viens no vairāk nekā 20 līdzīgiem projektiem Latvijā, kuru mērķis – uzlabot glābēju darba apstākļus un infrastruktūru. 
Atjaunota VUGD Rīgas reģiona pārvaldes 8. daļas ēka Krustpils ielā. Renovācijā uzlabotas dušas un ģērbtuves, paplašinātas telpas aprīkojuma apkopei, kā arī sakārtota teritorija, lai mazinātu nolietojumu jaunajiem operatīvajiem transportlīdzekļiem. 
""Šādi ieguldījumi stiprina reaģēšanu ārkārtas situācijās, uzlabo gatavību un palīdz nodrošināt, ka pirmās palīdzības sniedzējiem ir nepieciešamie līdzekļi savu pienākumu veikšanai. Tas ir svarīgi ne tikai Latvijai, bet arī plašākai kopējai drošībai kā sabiedrotajiem,"" sacīja ASV vēstniece Latvijā Melisa Ardžirosa. 
Lielākā daļa projektu vērsti uz novecojušas infrastruktūras atjaunošanu visā Latvijā. Savukārt nākotnē plānotas jaunas investīcijas – tostarp ugunsdzēsēju depo Bauskā un Neatliekamās medicīniskās palīdzības dienesta infrastruktūrā Rīgā."
https://www.lsm.lv/raksts/zinas/ekonomika/31.03.2026-cesu-puse-sak-audzet-udens-bifelus.a640426/,"Saimniecība ""Jaunžūras"" Cēsu pusē kļuvusi par pirmo saimniecību Latvijā un Baltijā, kas sākusi audzēt ūdens bifeļus. Saimnieki iecerējuši attīstīt jaunu uzņēmējdarbības veidu – no ūdens bifeļu piena ražot mocarellas sieru un citus piena produktus. 
Ierodoties ciemos, ūdens bifeļu saimniece Arta tiem klāj ēdienu galdu. Eksotiskajiem dzīvniekiem no Āzijas pievienojas arī saimniecības aitas. Dzīvnieki Latvijā ieradušies no Zviedrijas, un saimniece stāstīja – pie mūsu klimata tie jau labi pieraduši. 
""Manuprāt, viņiem aukstums ļoti labi patīk. Viņi ir pielāgojušies, jo nāk no Zviedrijas, un viņiem ir gana biezs kažoks izaudzis. Viņi ir audzēti tādā klimatā un ir pilnīgi pieraduši,"" klāstīja SIA ""Jaunžūras"" saimniece Arta Celma. 
Ideja par ūdens bifeļu audzēšanu radusies jau pirms vairākiem gadiem. Pieredze gūta ārzemēs, un saimniecības īpašnieks ar šiem dzīvniekiem iepriekš saskāries arī Jaunzēlandē. Taču pašu dzīvnieku atvešana uz Latviju bijusi ilgāka, nekā plānots. "
https://www.lsm.lv/raksts/kultura/muzika/06.04.2026-jekabpils-jaunais-pianists-rudolfs-pusbarnieks-starptautisko-konkursu-laureats.a641744/,"Rūdolfs Pusbarnieks ir viens no Arvīda Žilinska Jēkabpils Mūzikas skolas talantiem klavierspēlē. Nepilnu divu gadu laikā viņš guvis 11 godalgotas vietas starptautiskos mūzikas konkursos. Vairākas balvas izcīnītas, spēlējot klavieru ansamblī. Rūdolfs ir piemērs tam, ka ar centību un neatlaidību var uzveikt lampu drudzi un sasniegt ievērojamus panākumus."
https://www.lsm.lv/raksts/zinas/latvija/08.04.2026-manabalsslv-savakti-vairak-neka-10-000-parakstu-diabeta-pacientu-sensoru-apmaksai-aicina-uz-piketu.a642033/,"Iniciatīvu portālā ""Manabalss.lv"" savākti vairāk nekā 10 000 parakstu 1. tipa diabēta pacientu glikozes monitorēšanas sensoru apmaksai. Tas nozīmē, ka iniciatīva tiks iesniegta izskatīšanai Saeimā. Latvijas Diabēta asociācija arī aicina uz piketu 14. aprīlī.
Iniciatīvas autori norāda, ka glikozes monitorēšanas sensoru apmaksa ne tikai palīdzēs diabēta pacientiem, bet arī mazinās slogu veselības aprūpes sistēmai, jo varēs ierobežot slimības komplikācijas. 
Pašlaik Latvijā nepārtrauktās glikozes monitorēšanas sensori tiek kompensēti tikai bērniem un jauniešiem līdz 18 gadu vecumam, savukārt insulīna sūkņi līdz 24 gadu vecumam. Diabēta pacienti uzskata, ka vecuma ierobežojums neatbilst pacientu medicīniskajām vajadzībām, jo nepieciešamība pēc tehnoloģijām saglabājas arī vēlāk."
https://www.lsm.lv/raksts/zinas/latvija/10.04.2026-grizinkalna-bus-vairak-auto-maksas-stavvietu-un-samazinata-atruma-zonu.a642408/,"Rīgā, Grīziņkalnā, no 13. līdz 17. aprīlim vairākās ielās uzstādīs ceļa zīmes, lai ieviestu jaunas pašvaldības maksas autostāvvietas. To darbība stāsies spēkā 20. aprīlī. Vienlaikus atsevišķās ielās ieviesīs braukšanas ātruma ierobežojumus, ierobežos caurbraukšanu, kā arī aizliegs transportlīdzekļu novietošanu uz ietvēm, ierīkojot jaunas autostāvvietas uz brauktuves. Satiksmes drošības uzlabošanai tiks ierīkota viena jauna velojosla un ieviesta vienvirziena satiksme, informēja Rīgas pašvaldība. 
Ieviesīs maksas stāvvietas
No 20. aprīļa vairākās ielās Grīziņkalna apkaimē ieviesīs maksas stāvvietas. 
"
https://www.lsm.lv/raksts/dzive-stils/vide-un-dzivnieki/14.04.2026-nicas-puse-piedzimis-balts-kamielu-mazulis.a642518/,"Šajā gadā Latvijā noticis rets notikums – zoodārzos piedzimuši divi kamielēni. Eksperti saka, ka tas ir īpašs gadījums, jo nebrīvē šo dzīvnieku pavairošanās nav ierasta lieta. Marta vidū Rīgas Zooloģiskajā dārzā piedzima kamieļu meitene, bet pavisam nesen, īsi pirms Lieldienām, Nīcas zvēru dārzā piedzima kamielēns, kurš ir vēl īpašāks, jo ir balts.  
Baltas krāsas kamielēns pasaulē nācis zvēru dārzā ""Atomi"" un nu jau ir divas nedēļas vecs. 
""Pūpolsvētdienā mēs atnācām no rīta uz aplociņu apraudzīt, tur mūs gaidīja mazais, baltais puika, kamieļa mazulītis. Tas ir tāds brīnums mūsējā zoo, ilgi gaidīts. Marko tētim ir 6 gadi, mammai 5 gadi,"" atklāja zvēru dārza ""Atomi"" vadītāja Svetlana Paškovska. 
Pirmās dzīves stundas un mātes piens ir izšķiroši kamielēna izdzīvošanai, tāpēc saimnieki vērsās pēc padoma pie speciālistiem. Turklāt vēl lielākas raizes sagādāja fakts, ka kamieļu ģimenē šī ir jau otrā atvase, bet pirmais kamielēns gāja bojā neilgi pēc piedzimšanas."
https://www.lsm.lv/raksts/zinas/arzemes/15.04.2026-igaunija-piedzimis-pirmais-klonetais-kumels.a643048/,"Ar Igaunijas Dabaszinātņu universitātes veterinārzinātnieku palīdzību 11. aprīļa rītā stallī Tartu apriņķī piedzima Igaunijā pirmais klonētais kumeļš. Igaunija kļuvusi par otro valsti Eiropā, kurai veiksmīgi izdevies klonēt zirgu.
Universitātes embrioloģe un klonēšanas projekta vadītāja Elīna Copa teica, ka kumeļš ir spēcīgs un vesels, taču, lai pasargātu dzīvnieka veselību, tas atrodas karantīnā.
Igaunijas Dabaszinātņu universitātes un uzņēmuma ""Luunja Stud"" sadarbībā klonētais kumeļš ir bijušā sacensību ērzeļa ""Wodan M"" ģenētiskā kopija. ""Wodan M"" bija ļoti veiksmīgs sporta zirgs ar izciliem pēcnācējiem."